bedrooms,bathrooms,sqft,lot_size_acres,age_years,distance_city_center_km,crime_rate_index,school_rating,price
4.0,1.0,3816.0,0.61,31.0,13.58,1.06,4.0,1181818.01
5.0,1.0,4209.0,0.71,67.0,5.77,7.09,2.0,1281567.77
3.0,3.0,4319.0,0.93,17.0,4.38,3.52,9.0,1431253.97
5.0,2.0,902.0,0.79,42.0,16.85,0.17,9.0,686784.74
5.0,1.0,3391.0,0.1,34.0,27.17,4.09,2.0,998632.82
2.0,3.0,1187.0,0.86,77.0,10.97,2.42,9.0,628699.52
3.0,2.0,1586.0,0.26,57.0,22.26,8.21,6.0,615132.44
3.0,1.0,2463.0,0.41,32.0,20.1,3.44,8.0,798067.73
3.0,2.0,944.0,0.49,13.0,28.02,8.29,10.0,603638.13
5.0,3.0,1413.0,0.51,33.0,24.81,0.11,4.0,742686.37
4.0,1.0,2587.0,0.46,60.0,17.43,3.15,2.0,787020.22
3.0,2.0,3448.0,0.94,3.0,20.05,2.49,2.0,1152930.62
5.0,1.0,3672.0,0.72,58.0,27.05,2.41,9.0,1179944.93
2.0,2.0,3818.0,0.65,28.0,12.59,0.78,1.0,1054147.46
4.0,3.0,1910.0,0.1,5.0,10.48,1.95,7.0,822819.58
2.0,3.0,2599.0,0.91,48.0,1.31,5.6,3.0,915342.86
4.0,1.0,2277.0,0.91,39.0,24.97,2.98,3.0,845584.83
5.0,2.0,3724.0,0.79,64.0,24.23,4.23,2.0,1190780.62
1.0,1.0,1927.0,0.06,68.0,4.03,3.83,10.0,579340.58
4.0,1.0,1692.0,0.1,26.0,17.73,8.77,6.0,660629.58
2.0,2.0,3008.0,0.26,79.0,14.46,9.06,10.0,868255.06
5.0,2.0,4273.0,0.17,5.0,4.44,4.98,2.0,1311303.42
4.0,2.0,15564.0,0.43,12.0,29.44,3.37,10.0,7029755.040000001
1.0,3.0,1609.0,0.93,63.0,7.23,1.16,4.0,650281.35
1.0,1.0,1303.0,0.5,61.0,2.95,9.54,10.0,494356.74
3.0,1.0,1174.0,0.06,18.0,18.25,0.7,9.0,551075.16
3.0,3.0,2208.0,0.32,75.0,22.43,3.05,9.0,775433.15
2.0,2.0,3832.0,0.09,79.0,1.94,3.05,6.0,977775.89
4.0,3.0,4352.0,0.08,42.0,20.1,3.27,4.0,1241551.55
4.0,3.0,1712.0,0.31,73.0,16.44,1.73,7.0,719980.05
3.0,3.0,1287.0,0.31,19.0,3.99,7.85,1.0,623980.47
4.0,1.0,3428.0,0.8,67.0,6.0,1.31,4.0,1125567.88
4.0,3.0,3232.0,0.98,43.0,17.47,6.39,5.0,1168007.77
1.0,1.0,4428.0,0.4,22.0,9.59,1.33,8.0,1133534.19
3.0,1.0,3236.0,0.46,1.0,28.21,0.8,2.0,941957.44
5.0,1.0,3830.0,0.85,21.0,24.74,9.1,5.0,1246619.75
3.0,2.0,1088.0,0.3,56.0,29.52,1.98,6.0,517827.41
5.0,1.0,3618.0,0.2,71.0,8.53,8.23,5.0,1072936.99
1.0,1.0,1947.0,0.86,6.0,29.12,5.49,9.0,695486.2
2.0,2.0,4281.0,0.09,77.0,13.51,0.87,10.0,1075648.03
4.0,1.0,4052.0,0.64,55.0,11.08,9.56,1.0,1118659.79
1.0,3.0,3773.0,0.58,66.0,2.46,2.54,3.0,1039873.55
4.0,3.0,1093.0,0.38,15.0,2.53,8.61,2.0,654569.3
2.0,1.0,2267.0,0.35,50.0,21.07,1.77,3.0,668596.58
2.0,2.0,2237.0,0.78,79.0,14.28,8.55,10.0,796508.59
1.0,3.0,618.0,0.13,71.0,7.57,0.23,9.0,363389.51
2.0,2.0,4125.0,0.27,11.0,18.81,5.17,9.0,1149558.97
5.0,2.0,4153.0,0.75,52.0,8.33,7.72,10.0,1352215.34
2.0,3.0,4265.0,0.57,74.0,17.75,9.35,2.0,1181657.03
4.0,2.0,3044.0,0.17,4.0,11.42,9.1,3.0,994634.85
4.0,3.0,1600.0,0.89,26.0,24.88,8.21,4.0,774422.86
4.0,2.0,3950.0,0.42,11.0,24.8,8.89,9.0,1256365.3
4.0,3.0,1450.0,0.84,16.0,14.84,2.07,3.0,780622.02
5.0,1.0,1988.0,0.8,5.0,11.17,2.91,7.0,895310.26
3.0,3.0,1954.0,0.64,4.0,11.51,2.96,3.0,875173.73
1.0,3.0,4312.0,0.52,56.0,24.37,3.83,7.0,1146661.73
4.0,3.0,1967.0,0.98,27.0,10.52,3.99,7.0,960380.32
2.0,3.0,1421.0,0.19,77.0,7.06,5.49,9.0,605496.2
4.0,2.0,1054.0,0.74,68.0,3.46,1.68,2.0,617920.21
,,,,,,,,
2.0,3.0,3372.0,0.37,32.0,14.98,1.76,9.0,1030874.85
4.0,2.0,4326.0,0.34,61.0,25.39,3.17,2.0,1211012.33
5.0,1.0,3736.0,0.95,49.0,7.42,5.08,2.0,1213395.75
2.0,1.0,3747.0,0.97,18.0,12.05,7.98,5.0,1135068.3
2.0,1.0,1310.0,0.22,68.0,24.44,7.42,10.0,472881.1
4.0,1.0,2790.0,0.07,65.0,24.89,6.49,10.0,835367.33
2.0,3.0,1516.0,0.73,46.0,12.15,1.64,10.0,692735.67
2.0,3.0,3475.0,0.45,38.0,14.31,5.52,8.0,1070080.06
4.0,2.0,3252.0,0.13,67.0,9.8,0.97,9.0,1048696.96
4.0,2.0,2096.0,0.7,32.0,28.04,3.84,2.0,792480.54
1.0,2.0,2040.0,0.57,12.0,4.44,4.19,5.0,730792.45
5.0,1.0,904.0,0.98,53.0,28.08,0.49,7.0,616882.69
5.0,1.0,1335.0,0.27,6.0,20.83,2.81,6.0,665321.07
2.0,3.0,4168.0,0.43,78.0,16.42,9.56,6.0,1135838.74
5.0,1.0,2938.0,0.57,13.0,1.95,9.54,7.0,1042864.12
2.0,1.0,2563.0,0.8,18.0,14.79,3.59,3.0,826864.53
,,,,,,,,
4.0,2.0,2609.0,0.63,19.0,5.68,1.87,10.0,1037100.18
4.0,2.0,3938.0,0.26,28.0,20.04,3.98,9.0,1185221.99
4.0,3.0,3514.0,0.85,23.0,29.16,9.48,8.0,1227028.78
5.0,1.0,3615.0,0.46,62.0,17.3,1.5,5.0,1099058.03
1.0,1.0,4293.0,0.18,73.0,21.73,7.66,6.0,956062.41
5.0,3.0,3621.0,0.68,56.0,2.99,1.18,10.0,1263890.8
5.0,1.0,3489.0,0.26,7.0,13.11,9.81,1.0,1038494.81
1.0,1.0,1561.0,0.14,61.0,4.37,3.88,10.0,524179.16
1.0,2.0,3589.0,0.87,28.0,18.77,7.77,1.0,1048029.62
1.0,3.0,4448.0,0.49,73.0,28.22,3.49,4.0,1122619.76
1.0,3.0,1626.0,0.76,16.0,20.19,6.31,2.0,679105.94
4.0,3.0,2732.0,0.33,65.0,3.23,2.0,7.0,1002111.47
3.0,3.0,4465.0,0.8,5.0,11.29,1.55,2.0,1340278.28
3.0,2.0,2975.0,0.16,57.0,16.97,9.39,10.0,938671.32
1.0,2.0,3463.0,0.39,68.0,12.69,9.18,2.0,869558.51
3.0,1.0,2073.0,0.98,27.0,25.18,8.89,5.0,780620.84
3.0,1.0,3101.0,0.8,61.0,24.63,6.29,4.0,924623.15
1.0,1.0,2547.0,0.52,40.0,18.74,8.1,8.0,736646.04
3.0,1.0,3276.0,0.37,68.0,11.83,0.78,4.0,933877.39
,,,,,,,,
2.0,3.0,1777.0,0.57,48.0,4.07,3.21,5.0,740937.06
2.0,2.0,1264.0,0.77,48.0,11.29,6.39,2.0,588019.88
1.0,1.0,611.0,0.77,75.0,12.98,3.62,8.0,375789.27
4.0,2.0,1756.0,0.07,70.0,20.6,1.57,2.0,664507.24
,,,,,,,,
4.0,3.0,3964.0,0.68,9.0,3.03,8.16,9.0,1369054.59
2.0,2.0,3622.0,0.2,34.0,12.46,3.88,3.0,978863.07
1.0,2.0,3971.0,0.29,79.0,6.27,1.41,4.0,994490.32
5.0,2.0,2363.0,0.95,1.0,5.55,2.05,8.0,1086451.15
3.0,1.0,3430.0,0.58,23.0,24.99,2.45,9.0,1041059.83
4.0,2.0,642.0,0.76,73.0,2.22,3.07,3.0,539913.61
3.0,2.0,1543.0,0.58,37.0,13.16,6.46,5.0,630935.75
3.0,2.0,2990.0,0.57,21.0,5.88,6.05,8.0,1036070.31
1.0,3.0,1949.0,0.14,25.0,26.5,6.99,3.0,624133.94
3.0,3.0,4485.0,0.38,42.0,17.15,3.69,7.0,1258632.62
5.0,1.0,3145.0,0.32,54.0,7.71,8.26,8.0,1049553.37
3.0,1.0,3011.0,0.42,38.0,15.57,2.12,10.0,933169.47
1.0,3.0,1490.0,0.81,28.0,22.21,4.74,3.0,611379.42
5.0,3.0,3074.0,0.4,19.0,28.79,8.03,2.0,1086420.21
2.0,3.0,1604.0,0.48,40.0,7.39,1.88,10.0,697267.31
3.0,2.0,620.0,0.43,53.0,26.7,1.19,7.0,427662.04
1.0,2.0,1006.0,0.14,19.0,28.09,8.85,9.0,460691.69
2.0,3.0,3266.0,0.47,18.0,27.58,3.5,1.0,953878.87
2.0,2.0,1614.0,0.24,65.0,19.43,6.87,3.0,560435.91
4.0,2.0,935.0,0.23,29.0,19.26,0.35,5.0,521830.94
5.0,1.0,2438.0,0.14,52.0,12.69,6.93,3.0,791382.93
3.0,3.0,3788.0,0.39,33.0,22.82,3.23,1.0,1075586.11
1.0,3.0,1747.0,0.77,21.0,16.41,0.65,7.0,707125.78
4.0,2.0,3046.0,0.31,66.0,20.65,6.14,7.0,933264.27
5.0,3.0,3440.0,0.35,5.0,13.43,2.48,10.0,1244785.93
4.0,1.0,2427.0,0.66,78.0,22.21,3.93,8.0,852706.88
5.0,1.0,1314.0,0.24,26.0,24.91,0.9,5.0,614567.14
5.0,1.0,2600.0,0.9,9.0,5.25,1.56,10.0,4070088.18
3.0,3.0,4454.0,0.54,72.0,25.15,3.05,5.0,1224239.37
5.0,3.0,923.0,0.48,47.0,16.67,0.99,5.0,642467.28
4.0,3.0,1388.0,0.58,69.0,25.5,9.12,1.0,590128.85
5.0,3.0,740.0,0.21,58.0,13.51,0.16,10.0,622699.19
3.0,3.0,1069.0,0.63,58.0,11.99,4.89,5.0,605266.25
3.0,1.0,1386.0,0.39,1.0,27.54,1.32,6.0,590397.08
,,,,,,,,
2.0,1.0,1957.0,0.21,67.0,25.48,9.27,7.0,592514.95
2.0,3.0,2516.0,0.53,64.0,15.04,1.7,1.0,844277.83
,,,,,,,,
1.0,3.0,3655.0,0.08,9.0,9.95,2.14,2.0,1007023.92
5.0,3.0,972.0,0.4,52.0,17.62,7.44,5.0,660773.0
4.0,1.0,4235.0,0.75,78.0,10.43,5.51,10.0,1258593.4
4.0,3.0,3141.0,0.83,58.0,2.14,8.86,7.0,1135107.55
4.0,2.0,4210.0,0.35,21.0,8.89,5.58,1.0,1219265.66
4.0,3.0,2292.0,0.81,50.0,1.18,5.39,10.0,1027836.81
4.0,2.0,3398.0,0.97,47.0,29.37,2.04,1.0,1063578.38
3.0,2.0,1779.0,0.86,20.0,29.01,1.75,1.0,718404.87
2.0,3.0,2938.0,0.16,21.0,12.46,9.17,6.0,934075.0
4.0,1.0,2271.0,0.75,29.0,22.12,3.35,2.0,847459.29
1.0,2.0,3815.0,0.35,24.0,11.03,3.78,1.0,963098.28
1.0,1.0,705.0,0.99,27.0,20.46,7.62,6.0,432118.16
1.0,2.0,2043.0,0.51,64.0,24.36,3.45,2.0,611215.16
1.0,3.0,3317.0,0.17,44.0,28.46,9.53,6.0,894483.56
3.0,3.0,2281.0,0.74,67.0,12.61,7.41,10.0,920777.69
1.0,2.0,601.0,0.36,6.0,23.72,6.01,8.0,399440.72
4.0,3.0,3236.0,1.0,48.0,8.71,8.82,2.0,1154409.06
5.0,2.0,3291.0,0.98,8.0,29.72,0.59,9.0,1226320.93
1.0,3.0,2737.0,0.67,35.0,1.75,2.64,8.0,953674.66
3.0,1.0,4016.0,0.17,0.0,18.5,4.7,10.0,1130913.78
3.0,3.0,949.0,0.7,9.0,20.13,2.35,1.0,603328.82
1.0,1.0,4130.0,0.14,35.0,20.95,7.46,7.0,972070.62
5.0,3.0,1886.0,0.08,72.0,4.49,9.2,10.0,809379.56
1.0,1.0,4022.0,0.83,45.0,28.22,4.3,6.0,1049809.13
3.0,3.0,3779.0,0.25,31.0,6.25,3.49,6.0,1131571.27
2.0,1.0,4257.0,0.41,31.0,19.06,9.62,6.0,1105816.29
4.0,2.0,1662.0,0.97,5.0,7.46,4.5,6.0,896084.99
3.0,2.0,3556.0,0.37,47.0,9.91,4.94,10.0,1118608.75
1.0,1.0,2806.0,0.33,37.0,16.85,3.58,7.0,808690.9
4.0,3.0,4254.0,0.92,16.0,13.1,9.1,3.0,1398803.05
1.0,1.0,3606.0,0.16,73.0,5.65,5.73,6.0,924095.36
1.0,3.0,2959.0,0.77,26.0,5.96,7.65,3.0,948285.59
2.0,2.0,3912.0,0.99,53.0,13.13,8.14,7.0,1145509.59
4.0,3.0,1044.0,0.91,49.0,22.96,3.48,7.0,684632.15
,,,,,,,,
2.0,3.0,1551.0,0.35,24.0,3.44,8.5,2.0,644602.53
3.0,3.0,635.0,0.29,27.0,12.4,3.7,9.0,541372.63
1.0,3.0,1707.0,0.83,14.0,3.91,7.96,5.0,719118.58
5.0,1.0,2075.0,0.89,3.0,1.48,9.42,9.0,971246.52
1.0,1.0,2398.0,0.55,72.0,20.19,6.27,10.0,704260.19
1.0,2.0,2445.0,0.28,26.0,18.47,7.44,5.0,693235.53
3.0,2.0,2008.0,0.16,25.0,5.73,8.07,7.0,756247.77
1.0,1.0,1795.0,0.13,18.0,7.78,8.47,9.0,612926.6
2.0,2.0,1999.0,0.73,16.0,1.69,4.01,4.0,737242.28
2.0,1.0,2308.0,0.45,42.0,25.21,0.61,2.0,641548.76
4.0,3.0,1985.0,0.91,40.0,29.27,4.08,9.0,918432.2
5.0,2.0,3206.0,0.75,41.0,4.93,6.77,2.0,1152734.36
1.0,2.0,3538.0,0.23,49.0,7.71,4.56,3.0,899602.15
1.0,1.0,2788.0,0.63,39.0,26.18,7.51,10.0,767020.19
3.0,2.0,3534.0,0.46,38.0,27.87,3.63,2.0,1034883.48
2.0,2.0,3789.0,0.6,22.0,13.17,6.38,3.0,1064048.7
5.0,3.0,1900.0,0.75,51.0,2.47,1.95,6.0,926360.07
4.0,2.0,3373.0,0.82,46.0,2.14,7.52,3.0,1133940.9
2.0,3.0,1843.0,0.85,62.0,17.64,5.5,10.0,762741.33
4.0,1.0,3697.0,0.29,68.0,12.39,2.12,8.0,1055537.41
3.0,2.0,1120.0,0.08,42.0,1.83,2.99,6.0,529689.0
3.0,3.0,2406.0,0.75,47.0,17.91,7.51,7.0,950283.57
1.0,1.0,609.0,0.15,33.0,1.33,4.88,1.0,307392.27
,,,,,,,,
4.0,1.0,3025.0,0.05,74.0,9.89,9.68,3.0,814151.34
2.0,2.0,2256.0,0.7,60.0,2.17,7.18,2.0,775833.84
3.0,1.0,2260.0,0.21,49.0,18.06,9.58,7.0,730074.0
1.0,1.0,3329.0,0.67,66.0,12.53,4.33,9.0,889512.34
1.0,3.0,3231.0,0.99,61.0,29.24,4.8,4.0,959994.2
4.0,1.0,2799.0,0.12,57.0,16.78,8.99,5.0,863774.85
3.0,2.0,1319.0,0.12,32.0,8.98,5.3,3.0,574577.32
5.0,2.0,1672.0,0.37,74.0,21.57,7.1,9.0,737606.61
3.0,3.0,3825.0,0.87,15.0,8.87,2.6,4.0,1243725.29
4.0,2.0,1458.0,0.25,47.0,27.22,4.52,5.0,640007.14
4.0,2.0,1916.0,0.39,9.0,11.87,1.32,1.0,777489.04
,,,,,,,,
4.0,1.0,649.0,0.77,18.0,2.47,0.11,9.0,622218.63
3.0,1.0,3311.0,0.44,35.0,13.36,0.49,2.0,967293.45
2.0,2.0,12712.0,0.77,58.0,25.14,9.78,5.0,5726148.0600000005
3.0,3.0,4283.0,0.91,62.0,24.36,2.5,8.0,1273796.35
3.0,1.0,3731.0,0.27,76.0,7.51,6.67,3.0,987344.72
4.0,3.0,3838.0,0.82,45.0,7.56,8.41,6.0,1267627.91
4.0,2.0,3873.0,0.11,2.0,24.7,5.55,4.0,1149801.92
1.0,2.0,3504.0,0.9,73.0,27.98,1.62,7.0,981294.66
1.0,1.0,2980.0,0.67,64.0,3.77,7.31,10.0,2523244.5
2.0,2.0,1514.0,0.88,7.0,14.05,6.04,3.0,655042.97
1.0,1.0,4347.0,0.05,50.0,10.79,7.34,6.0,987711.83
3.0,2.0,3640.0,0.21,72.0,26.25,7.72,10.0,1027346.85
4.0,2.0,2062.0,0.42,5.0,3.42,9.76,9.0,876335.75
1.0,1.0,11556.0,0.41,38.0,7.12,5.78,10.0,5084955.18
1.0,1.0,1180.0,0.27,59.0,22.82,3.48,1.0,315257.19
2.0,1.0,3334.0,0.41,27.0,2.49,6.52,3.0,968919.02
2.0,2.0,2184.0,0.17,53.0,15.28,0.78,2.0,667627.28
3.0,2.0,1082.0,0.44,36.0,13.82,8.98,8.0,590253.7
4.0,3.0,3779.0,0.81,8.0,10.7,1.28,7.0,1336921.18
2.0,1.0,1849.0,0.51,55.0,12.44,3.35,2.0,619713.36
1.0,2.0,1272.0,0.07,58.0,16.37,8.18,6.0,418569.94
4.0,2.0,1230.0,0.45,1.0,5.68,6.01,3.0,683686.53
4.0,1.0,3308.0,0.08,60.0,17.59,4.0,8.0,921134.51
1.0,3.0,1261.0,0.97,57.0,24.36,4.79,10.0,640868.81
,,,,,,,,
1.0,3.0,3452.0,0.72,39.0,5.46,3.47,10.0,1037200.5
4.0,2.0,4326.0,0.97,35.0,5.33,8.71,9.0,1369048.23
5.0,3.0,3066.0,0.83,36.0,8.78,0.97,1.0,1159073.24
5.0,2.0,1587.0,0.71,78.0,11.47,7.79,5.0,801341.05
3.0,1.0,4126.0,0.85,17.0,12.85,8.49,3.0,1200163.51
1.0,1.0,3831.0,0.98,62.0,20.71,1.9,6.0,1007188.97
1.0,1.0,2146.0,0.64,21.0,2.64,4.36,10.0,718325.01
3.0,3.0,1249.0,0.58,10.0,2.01,1.74,2.0,716202.29
3.0,2.0,1568.0,0.65,57.0,12.37,7.1,9.0,716799.36
3.0,1.0,3237.0,0.56,56.0,21.22,5.4,6.0,941657.21
4.0,1.0,1700.0,0.65,76.0,6.61,6.39,7.0,709719.56
1.0,2.0,3156.0,0.48,3.0,19.6,2.05,5.0,923411.59
4.0,1.0,1040.0,0.26,6.0,8.54,2.2,9.0,627706.37
3.0,2.0,3925.0,0.16,60.0,26.7,0.51,1.0,995413.31
1.0,2.0,1520.0,0.11,53.0,26.98,3.29,5.0,439047.55
4.0,2.0,1369.0,0.3,67.0,9.62,5.64,10.0,647901.95
4.0,2.0,1943.0,0.09,78.0,7.67,8.59,6.0,703100.51
3.0,2.0,2426.0,0.59,0.0,12.93,6.7,7.0,896694.29
1.0,3.0,862.0,0.32,54.0,7.98,4.41,4.0,462596.84
3.0,1.0,4268.0,0.83,2.0,20.5,9.54,1.0,1198254.39
1.0,3.0,4329.0,0.12,77.0,24.96,7.22,8.0,1042276.67
5.0,1.0,2177.0,0.27,37.0,20.52,9.31,10.0,819335.05
2.0,3.0,4045.0,0.74,0.0,24.91,5.32,4.0,1195840.57
2.0,2.0,3284.0,0.62,37.0,12.51,2.66,3.0,934007.52
2.0,1.0,3838.0,0.11,28.0,5.53,0.62,7.0,1019527.59
3.0,1.0,4424.0,0.88,4.0,22.4,7.29,2.0,1223630.81
5.0,3.0,3106.0,0.88,73.0,11.45,1.3,8.0,1193822.21
1.0,3.0,1598.0,0.36,20.0,20.47,3.1,6.0,611441.25
4.0,1.0,3951.0,0.37,70.0,8.85,5.37,7.0,1173735.47
1.0,3.0,1299.0,0.99,66.0,3.36,5.69,5.0,618170.99
4.0,3.0,2949.0,0.64,46.0,29.78,6.05,9.0,986580.12
1.0,3.0,4202.0,0.55,34.0,5.53,1.75,5.0,1196118.62
5.0,2.0,2203.0,0.85,67.0,29.66,3.86,5.0,899888.46
4.0,2.0,1841.0,0.32,68.0,29.34,6.21,3.0,683553.16
3.0,3.0,1725.0,0.46,0.0,24.02,9.7,1.0,699058.33
1.0,3.0,3201.0,0.3,67.0,20.12,7.3,2.0,839453.04
1.0,2.0,2935.0,0.8,11.0,17.76,9.23,8.0,933594.22
4.0,2.0,1790.0,0.59,59.0,26.12,7.65,1.0,694678.59
3.0,1.0,3268.0,0.68,26.0,9.39,5.96,7.0,999152.74
3.0,1.0,1605.0,0.29,55.0,14.56,2.0,5.0,644753.84
5.0,2.0,635.0,0.26,22.0,18.96,6.7,3.0,553446.58
,,,,,,,,
3.0,3.0,2364.0,0.75,20.0,13.4,6.06,9.0,983747.71
3.0,3.0,952.0,0.55,60.0,10.58,4.95,2.0,568148.84
,,,,,,,,
5.0,1.0,2522.0,0.88,51.0,25.67,3.41,9.0,999350.66
1.0,2.0,672.0,0.11,24.0,6.84,5.24,3.0,361644.32
4.0,3.0,3295.0,0.96,54.0,28.1,2.06,2.0,1094984.28
1.0,1.0,1976.0,0.07,45.0,20.98,8.07,7.0,556505.29
5.0,3.0,2514.0,0.71,31.0,24.87,1.94,5.0,1012778.6
4.0,2.0,1693.0,0.13,54.0,17.13,0.94,5.0,673539.56
5.0,1.0,3072.0,0.92,4.0,23.61,4.42,10.0,1160963.01
3.0,2.0,3646.0,0.49,35.0,1.47,6.62,5.0,1138819.95
4.0,2.0,1307.0,0.18,48.0,24.73,4.43,4.0,567805.08
3.0,1.0,2404.0,0.37,57.0,2.16,2.84,5.0,790859.24
1.0,1.0,3208.0,0.21,38.0,26.81,5.63,4.0,820979.52
1.0,1.0,3475.0,0.21,79.0,29.77,3.54,6.0,800669.05
4.0,1.0,4313.0,0.95,60.0,9.53,9.34,4.0,1277301.14
4.0,1.0,1555.0,0.47,8.0,7.1,9.23,2.0,730969.61
5.0,1.0,3164.0,0.8,5.0,23.2,5.07,9.0,1153614.55
5.0,1.0,3075.0,0.66,34.0,8.34,3.35,2.0,1018165.39
3.0,3.0,4210.0,0.69,38.0,26.1,7.4,9.0,1257690.45
4.0,2.0,759.0,0.18,21.0,3.98,0.46,10.0,603401.58
,,,,,,,,
5.0,3.0,3423.0,0.8,4.0,29.4,3.43,9.0,1265336.6
5.0,3.0,3901.0,0.97,41.0,20.54,9.21,9.0,1404239.48
1.0,3.0,2335.0,0.3,75.0,25.56,0.22,3.0,647420.26
5.0,2.0,2185.0,0.31,79.0,10.41,5.57,1.0,797406.72
3.0,1.0,666.0,0.5,66.0,20.62,7.43,1.0,335982.8
4.0,3.0,3661.0,0.98,29.0,18.23,4.9,3.0,1258503.2
1.0,2.0,4483.0,0.31,56.0,18.49,0.95,5.0,1083667.95
4.0,2.0,3028.0,0.44,72.0,20.79,9.73,3.0,958297.74
5.0,2.0,657.0,0.9,28.0,17.69,5.23,9.0,701445.6
5.0,3.0,3930.0,0.05,36.0,13.44,6.18,9.0,1296511.99
1.0,1.0,941.0,0.09,12.0,9.0,2.44,3.0,377465.51
3.0,3.0,1753.0,0.62,31.0,23.29,4.89,3.0,730453.27
,,,,,,,,
1.0,1.0,1795.0,0.28,22.0,21.08,0.84,2.0,507234.94
2.0,1.0,3417.0,0.5,44.0,7.77,1.15,6.0,972668.2
2.0,1.0,3261.0,0.48,16.0,19.13,8.39,7.0,937726.95
3.0,2.0,1832.0,0.5,65.0,22.67,2.47,9.0,710418.23
2.0,1.0,4474.0,0.64,5.0,7.34,2.03,6.0,1220137.67
2.0,3.0,3001.0,0.5,17.0,2.74,5.1,3.0,980178.92
,,,,,,,,
2.0,3.0,2421.0,0.5,32.0,18.57,0.71,4.0,788663.06
2.0,2.0,715.0,0.61,29.0,25.63,5.81,5.0,437563.15
2.0,3.0,3935.0,0.56,31.0,2.3,1.28,8.0,1202120.94
1.0,3.0,1261.0,0.86,41.0,22.29,0.46,8.0,562443.67
1.0,1.0,4483.0,0.1,77.0,10.9,0.62,6.0,1065295.29
1.0,1.0,2065.0,0.84,9.0,14.88,8.36,1.0,659837.78
3.0,3.0,4219.0,0.85,35.0,27.94,1.27,8.0,1275023.25
5.0,1.0,3100.0,0.32,33.0,10.63,0.55,8.0,1043318.15
,,,,,,,,
2.0,2.0,4148.0,0.47,27.0,1.4,8.46,4.0,1142940.54
3.0,1.0,2934.0,0.26,10.0,3.37,2.7,2.0,913318.27
2.0,2.0,3974.0,0.43,77.0,8.5,4.27,4.0,1063159.13
1.0,1.0,1616.0,0.09,38.0,1.81,0.5,10.0,528085.16
5.0,3.0,910.0,0.31,46.0,19.31,4.55,7.0,637156.9
4.0,3.0,807.0,0.83,18.0,13.37,5.82,9.0,679914.61
2.0,2.0,3265.0,0.32,14.0,16.9,5.75,8.0,949258.18
1.0,1.0,3093.0,0.83,27.0,6.06,3.39,9.0,952036.97
4.0,1.0,3317.0,0.56,23.0,9.58,3.22,8.0,1071092.71
5.0,2.0,1232.0,0.89,71.0,20.25,1.16,2.0,729905.69
4.0,3.0,2702.0,0.6,8.0,28.99,3.73,7.0,1019973.46
1.0,2.0,3559.0,0.08,46.0,2.46,1.08,2.0,871283.53
4.0,3.0,3683.0,0.69,32.0,26.82,7.69,2.0,1143748.05
3.0,1.0,1256.0,0.09,61.0,17.73,9.67,4.0,486464.39
4.0,3.0,2023.0,0.48,18.0,17.35,9.7,1.0,825519.73
2.0,2.0,2531.0,0.93,66.0,15.51,8.66,5.0,864189.9
2.0,1.0,4319.0,0.21,73.0,3.01,6.05,6.0,1073925.24
,,,,,,,,
1.0,2.0,3162.0,0.74,46.0,18.43,2.92,10.0,971468.95
2.0,3.0,2279.0,0.89,64.0,10.89,6.34,8.0,847178.45
5.0,2.0,4213.0,0.69,28.0,27.6,4.61,2.0,1296376.08
2.0,3.0,836.0,0.3,49.0,12.79,4.87,1.0,438949.33
2.0,1.0,3950.0,0.69,12.0,5.16,7.6,2.0,1120954.47
1.0,3.0,947.0,0.33,0.0,21.73,2.89,7.0,536364.68
4.0,1.0,3274.0,0.73,33.0,9.51,3.25,4.0,1054811.45
2.0,3.0,3775.0,0.96,47.0,16.24,9.25,10.0,1183952.16
3.0,2.0,1229.0,0.74,76.0,21.24,0.66,5.0,601306.17
4.0,3.0,2140.0,0.87,47.0,27.11,4.91,7.0,889184.93
5.0,3.0,2603.0,0.05,48.0,23.97,9.14,3.0,933919.31
1.0,1.0,1871.0,0.73,63.0,20.61,6.14,10.0,655330.45
5.0,2.0,963.0,0.84,60.0,20.71,5.51,2.0,620442.61
4.0,3.0,2968.0,0.09,28.0,28.43,2.57,7.0,945292.5
4.0,2.0,4304.0,0.88,38.0,9.58,3.5,5.0,1310678.46
4.0,3.0,885.0,0.29,25.0,1.03,8.54,1.0,574262.61
5.0,3.0,748.0,0.68,16.0,8.89,5.64,1.0,689035.21
4.0,2.0,1707.0,0.81,70.0,7.32,5.2,9.0,838643.41
5.0,3.0,3053.0,0.68,12.0,20.19,1.09,5.0,1165477.52
4.0,2.0,3625.0,0.14,68.0,19.38,0.26,1.0,1002386.16
3.0,3.0,1055.0,0.62,25.0,18.21,9.64,7.0,650609.97
4.0,1.0,2366.0,0.57,48.0,1.47,3.83,9.0,880449.44
5.0,2.0,1399.0,0.91,66.0,22.13,6.07,1.0,742949.16
,,,,,,,,
,,,,,,,,
2.0,1.0,3431.0,0.76,48.0,17.14,9.33,3.0,942704.29
3.0,2.0,3107.0,0.44,52.0,10.94,5.8,5.0,957248.06
1.0,3.0,4221.0,0.66,64.0,4.9,1.35,7.0,1189226.46
3.0,1.0,2123.0,0.66,61.0,3.74,5.86,8.0,815060.26
4.0,3.0,3385.0,0.89,16.0,25.11,7.69,2.0,1144273.0
2.0,2.0,3156.0,0.62,42.0,27.63,4.12,7.0,956489.04
2.0,3.0,4325.0,0.53,24.0,19.84,8.81,1.0,1170173.56
5.0,3.0,4475.0,0.18,2.0,4.0,6.52,7.0,1457083.88
2.0,3.0,1080.0,0.16,78.0,12.66,9.0,8.0,487883.51
5.0,3.0,2286.0,0.2,28.0,22.14,6.27,2.0,890655.1
1.0,1.0,2761.0,0.21,31.0,23.61,1.4,9.0,750092.19
4.0,1.0,3396.0,0.66,25.0,4.43,3.17,1.0,1122861.06
5.0,2.0,2201.0,0.75,15.0,1.0,2.1,6.0,997248.03
1.0,1.0,3008.0,0.55,24.0,21.65,9.1,1.0,779948.88
2.0,1.0,3760.0,0.84,53.0,11.34,7.63,3.0,2947770.7800000003
2.0,2.0,3417.0,0.99,27.0,8.38,6.8,6.0,1105084.82
1.0,1.0,2610.0,0.83,72.0,1.37,3.08,3.0,761070.6
2.0,1.0,3408.0,0.71,55.0,16.67,1.92,8.0,960904.68
1.0,2.0,3616.0,0.56,64.0,25.68,7.59,5.0,927485.02
5.0,2.0,3096.0,0.48,79.0,28.77,4.79,2.0,995894.98
5.0,2.0,2466.0,0.13,40.0,17.41,2.34,4.0,843761.02
1.0,3.0,1434.0,0.43,50.0,15.92,6.2,9.0,583399.08
5.0,3.0,1803.0,0.91,70.0,3.47,0.5,4.0,921807.28
5.0,2.0,2325.0,0.82,77.0,16.92,3.33,10.0,963625.08
5.0,2.0,4078.0,0.26,28.0,12.02,4.74,10.0,1333664.2
3.0,2.0,2289.0,0.49,18.0,18.61,1.56,8.0,814407.0
4.0,3.0,3867.0,0.83,65.0,12.27,9.85,5.0,1224207.64
2.0,3.0,4137.0,0.11,40.0,7.97,2.17,10.0,1120582.32
3.0,1.0,910.0,0.42,44.0,3.75,1.39,1.0,510678.81
5.0,1.0,861.0,0.86,14.0,10.13,2.11,7.0,672985.26
1.0,2.0,2042.0,0.43,2.0,3.8,7.71,3.0,653706.57
5.0,3.0,1005.0,0.12,10.0,6.13,4.31,10.0,712346.61
4.0,3.0,2790.0,0.57,52.0,29.63,5.7,8.0,965533.82
5.0,3.0,941.0,0.87,45.0,13.88,0.31,3.0,707689.3
1.0,2.0,1939.0,0.61,29.0,16.42,0.44,1.0,636064.59
4.0,1.0,3772.0,0.26,56.0,26.33,4.51,5.0,1058583.42
5.0,2.0,843.0,0.42,17.0,29.87,8.18,2.0,573276.62
4.0,1.0,1089.0,0.48,50.0,17.9,8.86,4.0,552075.81
2.0,1.0,611.0,0.6,47.0,24.56,0.96,1.0,331968.1
,,,,,,,,
5.0,1.0,1160.0,0.14,7.0,9.87,9.14,6.0,602759.2
4.0,1.0,641.0,0.9,21.0,12.68,3.94,8.0,591580.28
1.0,3.0,3325.0,0.06,5.0,20.5,8.31,4.0,907537.8
5.0,1.0,1193.0,0.4,75.0,20.78,1.42,9.0,614557.71
2.0,2.0,2052.0,0.08,56.0,10.14,9.36,2.0,581253.46
2.0,2.0,2426.0,0.42,35.0,4.86,7.54,9.0,835738.0
5.0,1.0,3829.0,0.55,78.0,19.34,9.42,5.0,1169496.1
4.0,3.0,3887.0,0.54,56.0,4.72,6.8,6.0,1235267.07
2.0,3.0,2293.0,0.21,48.0,17.78,3.7,3.0,717099.39
4.0,1.0,4133.0,0.66,44.0,21.11,9.39,4.0,1185475.12
2.0,1.0,733.0,0.09,65.0,21.32,2.83,6.0,296957.4
2.0,2.0,3738.0,0.77,76.0,22.85,3.39,7.0,1032327.02
3.0,1.0,3678.0,0.95,44.0,26.31,7.04,1.0,1064988.28
2.0,3.0,1547.0,0.37,78.0,15.5,7.68,7.0,627866.43
1.0,1.0,4197.0,0.54,19.0,22.18,9.3,1.0,1027448.03
5.0,2.0,672.0,0.41,63.0,18.96,2.13,5.0,504439.7
5.0,2.0,998.0,0.06,66.0,6.41,8.0,6.0,590846.98
4.0,2.0,2028.0,0.42,2.0,1.74,7.41,2.0,876762.64
2.0,2.0,4346.0,0.8,53.0,9.25,0.73,10.0,1252457.04
1.0,2.0,3225.0,0.62,77.0,13.85,3.93,9.0,909778.08
4.0,1.0,3506.0,0.15,63.0,18.9,2.9,10.0,1003997.33
3.0,1.0,729.0,0.85,39.0,25.65,3.11,6.0,509072.08
4.0,1.0,3578.0,0.55,58.0,6.69,9.83,7.0,1084385.33
4.0,1.0,4137.0,0.85,54.0,4.64,6.46,10.0,1308820.04
2.0,2.0,3877.0,0.6,61.0,28.94,7.2,8.0,1053768.39
3.0,3.0,2411.0,0.58,3.0,4.13,9.77,10.0,989890.83
4.0,1.0,2601.0,0.15,59.0,14.88,3.83,1.0,779098.12
,,,,,,,,
1.0,1.0,865.0,0.97,29.0,16.7,4.4,4.0,464089.59
5.0,1.0,2160.0,0.27,1.0,3.49,8.71,10.0,937905.15
3.0,3.0,2585.0,0.98,61.0,2.65,1.89,8.0,1012927.47
3.0,2.0,1392.0,0.56,48.0,4.06,9.48,6.0,656125.19
5.0,1.0,2900.0,0.18,8.0,17.98,2.27,9.0,1003141.18
4.0,1.0,3469.0,0.14,30.0,16.79,3.33,4.0,986126.82
3.0,1.0,1912.0,0.25,60.0,7.78,7.59,2.0,637178.38
1.0,3.0,763.0,0.93,78.0,19.5,4.0,2.0,425292.83
1.0,2.0,694.0,0.44,47.0,24.78,6.12,5.0,357429.26
2.0,3.0,2405.0,0.43,24.0,2.21,4.5,10.0,911934.04
3.0,3.0,3480.0,0.35,35.0,15.45,7.45,9.0,1132545.98
4.0,2.0,1733.0,0.19,7.0,20.99,2.36,3.0,712197.2
5.0,3.0,2983.0,0.51,72.0,8.32,0.68,8.0,1115344.14
5.0,2.0,1421.0,0.17,57.0,9.93,3.07,4.0,688142.76
4.0,1.0,837.0,0.84,44.0,18.8,4.8,6.0,569752.46
2.0,2.0,3028.0,0.4,61.0,27.04,1.76,10.0,931796.07
5.0,1.0,4107.0,0.41,38.0,24.49,3.61,6.0,1200590.16
3.0,3.0,3546.0,0.5,57.0,17.91,4.06,3.0,1065169.89
2.0,3.0,3130.0,0.47,63.0,22.18,0.67,5.0,957887.4
3.0,1.0,2560.0,1.0,43.0,11.58,5.87,3.0,915494.16
1.0,3.0,3549.0,0.57,28.0,19.59,8.85,1.0,981981.41
2.0,2.0,1648.0,0.13,58.0,14.52,1.6,7.0,597068.33
5.0,1.0,2276.0,0.63,70.0,6.51,6.02,4.0,861190.55
2.0,3.0,3788.0,0.19,8.0,21.35,6.68,7.0,1078286.42
2.0,1.0,3129.0,0.08,5.0,17.14,4.25,3.0,816139.22
2.0,2.0,4063.0,0.97,28.0,11.4,7.04,5.0,1218257.63
2.0,2.0,3564.0,0.78,57.0,27.43,4.17,5.0,1032439.42
3.0,3.0,3641.0,0.98,16.0,1.61,5.1,2.0,1208072.21
1.0,2.0,1563.0,0.5,15.0,10.16,0.17,10.0,647557.0
4.0,1.0,1136.0,0.56,2.0,2.65,6.95,2.0,689444.77
2.0,2.0,3750.0,0.21,20.0,23.23,6.65,4.0,1026648.65
5.0,1.0,2203.0,0.28,63.0,21.36,0.48,4.0,760610.32
2.0,1.0,3844.0,0.85,35.0,10.61,3.75,4.0,1110236.25
5.0,2.0,2579.0,0.39,61.0,20.59,9.79,6.0,907287.76
3.0,3.0,3683.0,0.84,41.0,12.48,4.27,2.0,1102600.63
5.0,2.0,4471.0,0.72,75.0,22.93,5.07,6.0,1336396.76
4.0,1.0,727.0,0.22,41.0,14.17,9.11,7.0,511769.03
1.0,1.0,4279.0,0.53,60.0,12.96,7.2,10.0,1123728.96
5.0,2.0,691.0,0.69,12.0,28.11,5.86,3.0,612094.7
5.0,3.0,4324.0,0.27,10.0,8.28,8.0,8.0,1377905.41
1.0,3.0,1142.0,0.84,53.0,4.49,8.66,2.0,563818.99
4.0,1.0,1445.0,0.57,15.0,17.95,4.62,8.0,699906.8
2.0,1.0,4203.0,0.21,7.0,29.11,4.8,5.0,1054206.89
5.0,3.0,2281.0,0.6,58.0,11.96,3.92,2.0,949560.04
1.0,2.0,3636.0,1.0,56.0,2.8,9.67,7.0,1066244.28
3.0,1.0,2451.0,0.19,39.0,10.84,7.0,2.0,763064.73
1.0,1.0,3094.0,0.83,58.0,15.67,0.92,6.0,859656.28
3.0,3.0,989.0,0.25,1.0,5.7,8.64,10.0,689749.84
4.0,2.0,3319.0,0.79,75.0,20.08,4.86,3.0,1015897.31
2.0,3.0,2484.0,0.75,9.0,29.93,0.78,9.0,892914.61
1.0,2.0,642.0,0.34,43.0,14.1,5.54,3.0,336322.65
5.0,2.0,853.0,0.36,10.0,11.29,4.23,3.0,584224.12
4.0,2.0,3801.0,0.8,78.0,12.62,8.79,5.0,1121145.28
1.0,1.0,1683.0,0.49,79.0,4.34,2.12,7.0,507851.85
5.0,3.0,3310.0,0.74,1.0,26.61,8.28,8.0,1222798.22
1.0,3.0,3114.0,0.19,49.0,13.03,5.62,7.0,874095.8
3.0,2.0,2934.0,0.86,11.0,12.23,0.64,9.0,1068679.99
1.0,1.0,3658.0,0.73,22.0,20.13,9.72,5.0,980039.97
1.0,1.0,2140.0,0.91,17.0,13.82,5.17,10.0,773265.33
,,,,,,,,
4.0,1.0,2553.0,0.61,61.0,2.78,4.75,6.0,915461.32
1.0,1.0,3425.0,0.62,37.0,24.6,8.59,5.0,909391.2
5.0,2.0,2992.0,0.39,66.0,28.27,3.12,4.0,968266.15
3.0,1.0,1241.0,0.49,37.0,19.81,2.01,2.0,540735.23
3.0,2.0,3029.0,0.09,66.0,28.68,1.38,7.0,857437.08
1.0,3.0,17800.0,0.76,60.0,5.39,3.05,5.0,7147490.88
4.0,1.0,1289.0,0.57,0.0,14.85,7.82,4.0,679779.93
4.0,3.0,1876.0,0.1,44.0,18.45,4.77,8.0,752778.68
5.0,3.0,2550.0,0.7,27.0,17.87,2.35,9.0,1090961.48
1.0,1.0,1679.0,0.49,20.0,12.64,1.75,9.0,611625.54
3.0,1.0,2086.0,0.08,12.0,10.8,3.39,3.0,686214.55
4.0,3.0,1056.0,0.97,26.0,4.68,9.41,3.0,703095.13
1.0,1.0,1582.0,0.95,6.0,12.36,3.5,5.0,667224.91
,,,,,,,,
4.0,2.0,1722.0,0.14,73.0,22.3,4.9,10.0,698041.27
3.0,1.0,748.0,0.77,52.0,7.06,1.87,2.0,481765.52
2.0,3.0,1952.0,0.52,78.0,2.7,8.92,1.0,683111.29
5.0,1.0,1779.0,0.34,78.0,17.02,4.66,8.0,730286.16
5.0,1.0,789.0,0.52,3.0,18.26,7.13,3.0,587246.45
3.0,3.0,4165.0,0.55,22.0,26.29,9.84,1.0,1188660.14
4.0,3.0,1482.0,0.58,69.0,17.73,0.6,1.0,685533.71
,,,,,,,,
4.0,3.0,3751.0,0.63,32.0,24.29,7.23,6.0,1218461.38
3.0,2.0,999.0,0.92,27.0,16.67,2.89,6.0,634882.14
5.0,3.0,3411.0,0.39,7.0,3.3,1.92,3.0,1212558.74
4.0,1.0,1208.0,0.74,0.0,17.41,0.49,4.0,661053.6
5.0,2.0,3931.0,0.9,36.0,27.33,0.32,2.0,1300877.73
,,,,,,,,
5.0,2.0,2238.0,0.47,21.0,9.59,1.43,7.0,958453.86
5.0,1.0,2175.0,0.62,69.0,5.16,4.73,1.0,785483.39
2.0,1.0,3432.0,0.61,20.0,5.39,6.1,7.0,1032190.38
2.0,1.0,2748.0,0.82,34.0,13.55,4.34,1.0,830597.26
2.0,1.0,1982.0,0.5,78.0,18.27,0.37,6.0,605101.39
5.0,1.0,2003.0,1.0,4.0,3.34,7.86,3.0,922748.08
3.0,2.0,1419.0,0.11,59.0,28.25,0.2,8.0,541343.31
5.0,1.0,3892.0,0.05,45.0,22.9,7.64,6.0,1119416.06
3.0,2.0,1419.0,0.66,49.0,18.01,8.94,2.0,651629.88
3.0,1.0,1019.0,0.33,47.0,25.02,4.39,8.0,504585.58
2.0,3.0,723.0,0.28,5.0,3.33,5.4,5.0,567490.5
4.0,2.0,1021.0,0.35,55.0,14.83,4.82,8.0,562557.75
1.0,3.0,3902.0,0.29,58.0,19.27,3.95,8.0,1029264.31
2.0,2.0,4361.0,0.08,28.0,25.03,8.89,6.0,1090834.5
2.0,3.0,3734.0,0.97,70.0,23.72,8.95,2.0,1110972.37
4.0,1.0,2108.0,0.26,76.0,9.04,3.42,8.0,744398.99
1.0,1.0,4299.0,0.75,17.0,28.29,6.19,6.0,1117415.32
5.0,1.0,4374.0,0.77,1.0,4.61,9.28,6.0,1406113.71
5.0,2.0,2197.0,0.93,7.0,26.38,9.62,8.0,959234.22
2.0,3.0,1367.0,0.08,74.0,29.16,5.14,1.0,446083.02
1.0,1.0,2644.0,0.88,53.0,6.14,4.58,2.0,799175.32
,,,,,,,,
3.0,3.0,3166.0,0.65,47.0,2.17,9.59,8.0,1054292.14
2.0,1.0,2802.0,0.66,26.0,12.76,1.51,7.0,865079.74
2.0,1.0,2739.0,0.83,19.0,15.97,5.84,7.0,888714.64
5.0,3.0,3629.0,0.37,11.0,17.84,2.9,5.0,1226505.21
5.0,1.0,2149.0,0.75,42.0,28.14,2.86,2.0,827173.73
5.0,1.0,3102.0,0.55,60.0,20.5,4.11,6.0,1005560.64
3.0,1.0,2364.0,0.8,30.0,14.96,9.99,10.0,896671.27
5.0,2.0,2644.0,0.99,60.0,24.48,0.64,3.0,999438.78
1.0,3.0,3245.0,0.24,73.0,28.57,5.83,4.0,838133.03
4.0,3.0,4316.0,0.99,66.0,1.64,0.92,10.0,1410740.88
1.0,2.0,1109.0,0.14,34.0,29.49,1.63,2.0,405183.81
1.0,3.0,1806.0,0.05,14.0,3.5,4.45,2.0,603642.38
5.0,1.0,985.0,0.09,15.0,24.62,5.15,8.0,579178.86
4.0,3.0,2197.0,0.37,12.0,9.13,2.66,8.0,948009.99
4.0,1.0,4402.0,0.65,34.0,4.83,3.23,10.0,1338225.85
4.0,2.0,3052.0,0.12,74.0,13.76,0.96,6.0,939501.79
3.0,1.0,2893.0,0.06,58.0,19.67,3.1,5.0,759236.89
5.0,3.0,1341.0,0.94,20.0,12.05,9.67,8.0,887877.7
4.0,3.0,4262.0,0.83,53.0,2.58,9.45,4.0,1347126.74
3.0,3.0,3308.0,0.82,74.0,18.38,3.42,4.0,1064961.3
2.0,2.0,3297.0,0.89,29.0,27.17,5.75,5.0,1010349.26
2.0,2.0,4142.0,0.72,47.0,12.11,9.1,1.0,1117446.85
3.0,3.0,4497.0,0.15,34.0,7.27,0.16,1.0,1249166.14
3.0,1.0,2511.0,0.43,37.0,13.83,8.13,2.0,787937.53
5.0,2.0,2046.0,0.74,30.0,2.4,9.49,8.0,928867.27
5.0,3.0,1500.0,0.32,77.0,24.79,1.0,7.0,753090.34
2.0,3.0,2712.0,0.7,23.0,24.96,1.7,10.0,925020.41
4.0,2.0,3684.0,0.07,48.0,18.05,9.61,9.0,1108413.58
2.0,2.0,2860.0,0.34,31.0,11.24,5.42,5.0,896548.64
4.0,2.0,2609.0,0.57,54.0,24.19,0.24,2.0,858674.09
4.0,1.0,841.0,0.65,78.0,17.09,2.65,7.0,525739.76
5.0,1.0,3140.0,0.6,57.0,24.95,4.55,8.0,1038506.04
1.0,3.0,3884.0,0.71,2.0,19.31,6.96,7.0,1141780.58
1.0,2.0,4364.0,0.06,79.0,23.75,7.36,7.0,1054224.77
,,,,,,,,
5.0,2.0,2620.0,0.88,9.0,13.01,2.95,2.0,1039373.66
4.0,3.0,772.0,0.7,24.0,28.78,5.43,6.0,653191.45
1.0,1.0,1271.0,0.16,67.0,16.69,5.38,4.0,370671.02
4.0,1.0,763.0,0.85,60.0,18.55,4.12,10.0,562224.41
1.0,1.0,1064.0,0.28,28.0,7.39,1.77,2.0,402395.29
1.0,3.0,3642.0,0.5,18.0,19.14,9.78,9.0,1080342.81
1.0,2.0,1096.0,0.19,42.0,17.58,8.55,7.0,424408.18
5.0,1.0,1299.0,0.72,65.0,6.36,5.03,6.0,716652.37
2.0,3.0,3042.0,0.68,73.0,2.73,6.07,5.0,941372.7
4.0,2.0,1302.0,0.25,60.0,18.53,2.35,3.0,557244.46
5.0,3.0,2540.0,0.87,42.0,23.15,5.48,10.0,1068658.27
5.0,2.0,2955.0,0.43,24.0,16.18,6.98,10.0,1097450.35
5.0,3.0,2391.0,0.33,19.0,7.58,5.2,4.0,988169.96
5.0,2.0,782.0,0.19,47.0,20.33,9.9,3.0,502649.68
5.0,1.0,1228.0,0.3,23.0,3.32,6.15,8.0,706373.41
3.0,2.0,4465.0,0.07,10.0,13.81,3.77,3.0,1201325.14
,,,,,,,,
5.0,3.0,2331.0,0.85,27.0,6.35,1.79,7.0,1032421.23
4.0,2.0,1145.0,0.57,68.0,6.87,3.91,7.0,651401.46
3.0,1.0,2187.0,0.26,62.0,12.21,3.53,7.0,740006.26
3.0,1.0,1223.0,0.08,58.0,2.48,4.37,2.0,478165.45
4.0,2.0,4435.0,0.25,4.0,12.54,7.84,10.0,1312801.58
1.0,2.0,1193.0,0.45,50.0,15.84,4.89,3.0,418614.55
2.0,3.0,1343.0,0.77,20.0,15.02,7.96,10.0,740669.82
1.0,1.0,3898.0,0.23,11.0,12.1,5.81,9.0,1038832.01
1.0,2.0,2368.0,0.73,49.0,25.34,3.49,3.0,721716.54
1.0,1.0,4404.0,0.87,3.0,5.21,8.12,2.0,1209379.88
5.0,2.0,2059.0,0.48,41.0,15.67,2.46,9.0,896708.38
3.0,2.0,2548.0,0.83,37.0,2.8,2.32,10.0,969719.26
1.0,1.0,4093.0,0.58,24.0,3.06,5.09,9.0,1126037.64
3.0,2.0,3201.0,0.66,13.0,17.64,2.68,4.0,1014985.49
4.0,2.0,2668.0,0.55,74.0,17.41,0.19,9.0,919272.04
2.0,3.0,3201.0,0.49,31.0,26.46,6.52,3.0,965952.14
4.0,2.0,3044.0,0.27,10.0,17.18,5.16,7.0,1035475.18
4.0,2.0,3272.0,0.34,60.0,28.83,4.51,7.0,976010.23
5.0,2.0,704.0,0.33,17.0,2.41,9.67,8.0,612909.05
,,,,,,,,
4.0,1.0,616.0,0.16,54.0,2.28,8.65,4.0,422088.9
4.0,3.0,3791.0,0.92,53.0,6.37,1.48,3.0,1263249.78
2.0,3.0,992.0,0.73,74.0,16.7,5.74,3.0,522591.0
2.0,1.0,1024.0,0.43,20.0,19.72,8.69,5.0,488813.13
,,,,,,,,
2.0,1.0,3801.0,0.89,4.0,28.43,7.21,10.0,1116343.46
4.0,3.0,1171.0,0.83,40.0,25.42,3.78,3.0,652147.42
4.0,1.0,4231.0,0.74,58.0,9.6,1.02,6.0,1251079.12
5.0,2.0,2676.0,0.31,53.0,3.24,4.63,3.0,919698.44
1.0,3.0,1720.0,0.43,73.0,5.93,4.01,5.0,598495.9
4.0,3.0,3681.0,0.15,21.0,4.68,8.68,9.0,1181565.46
3.0,3.0,841.0,0.23,64.0,4.58,2.52,2.0,484111.46
1.0,3.0,4497.0,0.79,63.0,16.04,9.67,2.0,1157664.31
1.0,2.0,2879.0,0.73,70.0,8.13,9.59,6.0,837739.47
,,,,,,,,
5.0,2.0,3955.0,0.9,64.0,29.7,3.55,8.0,1297687.97
4.0,2.0,1314.0,0.6,14.0,20.85,8.97,2.0,699265.0
5.0,2.0,1358.0,0.49,75.0,28.52,9.67,9.0,690427.93
4.0,2.0,3449.0,0.37,21.0,5.13,4.49,2.0,1093219.38
5.0,1.0,1375.0,0.94,46.0,12.08,3.28,1.0,745412.23
5.0,1.0,3373.0,0.13,45.0,17.09,5.31,10.0,1032851.78
3.0,3.0,2847.0,0.93,13.0,3.23,6.91,2.0,1068097.57
5.0,1.0,3592.0,0.84,49.0,1.12,2.81,7.0,1243801.89
2.0,1.0,678.0,0.17,19.0,20.44,7.39,8.0,363745.79
3.0,3.0,3603.0,0.59,49.0,19.61,0.61,5.0,1138227.78
5.0,3.0,1455.0,0.87,32.0,12.91,0.59,6.0,902539.32
1.0,3.0,3844.0,0.59,58.0,15.2,3.92,1.0,1040496.93
2.0,1.0,3114.0,0.91,42.0,13.05,3.6,6.0,969290.09
2.0,1.0,3228.0,0.95,78.0,1.7,3.22,8.0,966694.48
2.0,3.0,2039.0,0.45,11.0,10.73,4.96,3.0,785744.08
3.0,2.0,3587.0,0.41,39.0,6.14,3.28,1.0,1023468.19
5.0,3.0,3096.0,0.94,19.0,3.85,2.0,4.0,1221894.82
5.0,2.0,2734.0,0.69,37.0,28.74,3.16,1.0,981661.9
1.0,2.0,2748.0,0.16,2.0,18.38,9.75,8.0,738039.94
1.0,3.0,1631.0,0.09,27.0,22.13,4.17,5.0,564471.07
2.0,3.0,1444.0,0.59,55.0,10.15,4.5,1.0,660179.5
1.0,3.0,3871.0,0.93,12.0,12.4,5.81,8.0,1146157.87
3.0,1.0,4176.0,0.85,76.0,7.87,9.84,9.0,1206962.16
,,,,,,,,
2.0,1.0,2690.0,0.18,36.0,6.19,6.84,2.0,731317.17
1.0,1.0,4056.0,0.29,48.0,24.13,7.19,9.0,958249.46
3.0,3.0,4292.0,0.88,65.0,20.65,6.11,8.0,1298235.85
3.0,1.0,4106.0,0.22,35.0,16.86,0.98,7.0,1126862.1
1.0,3.0,1007.0,0.31,53.0,14.78,6.8,3.0,444134.77
5.0,2.0,4154.0,0.17,25.0,27.75,0.73,2.0,1182831.35
1.0,3.0,3311.0,0.69,74.0,3.11,6.0,7.0,976292.1
2.0,1.0,3688.0,0.95,71.0,9.14,7.42,5.0,1052555.45
1.0,1.0,2268.0,0.31,39.0,11.15,2.19,6.0,637726.52
3.0,3.0,747.0,0.5,42.0,23.69,8.43,4.0,486229.1
1.0,3.0,2924.0,0.65,21.0,29.78,0.4,2.0,862757.46
5.0,1.0,831.0,1.0,19.0,7.98,8.45,9.0,700120.84
4.0,2.0,4497.0,0.15,7.0,26.35,4.66,3.0,1252101.16
1.0,2.0,2550.0,0.52,28.0,25.09,2.25,7.0,800668.95
5.0,3.0,965.0,0.42,39.0,7.52,1.42,8.0,767201.67
5.0,2.0,3899.0,0.87,29.0,12.58,9.54,2.0,1284131.34
3.0,1.0,2274.0,0.5,54.0,12.88,0.82,6.0,780549.44
,,,,,,,,
5.0,1.0,998.0,0.65,45.0,6.25,3.54,7.0,653082.46
5.0,1.0,1834.0,0.78,61.0,24.18,6.24,3.0,791001.12
5.0,2.0,2014.0,0.05,6.0,10.69,5.49,1.0,792648.44
2.0,3.0,3146.0,0.87,79.0,22.2,1.34,6.0,985088.95
2.0,3.0,3187.0,0.23,44.0,13.18,2.97,8.0,988514.51
3.0,2.0,1162.0,0.57,58.0,17.77,2.46,6.0,575757.46
1.0,1.0,4162.0,0.45,55.0,25.15,2.21,5.0,1033503.41
5.0,1.0,3089.0,0.73,47.0,24.32,4.17,8.0,1075035.59
,,,,,,,,
1.0,1.0,1372.0,0.88,52.0,2.73,2.25,1.0,512851.22
3.0,3.0,2997.0,0.74,72.0,21.07,3.73,1.0,962577.52
5.0,3.0,2637.0,0.67,34.0,5.06,3.97,4.0,1055214.08
5.0,2.0,4023.0,0.81,50.0,13.06,9.77,6.0,1312483.18
4.0,2.0,3167.0,0.77,36.0,16.91,9.55,9.0,1104268.5
1.0,3.0,1943.0,0.08,56.0,12.68,8.02,1.0,592566.19
1.0,3.0,2785.0,0.42,7.0,16.07,2.49,1.0,836979.58
2.0,1.0,2173.0,0.93,78.0,29.9,0.77,5.0,736672.15
4.0,1.0,4294.0,0.17,19.0,4.92,3.24,10.0,1248329.06
2.0,2.0,1591.0,0.75,52.0,20.59,2.74,5.0,625458.5
2.0,3.0,3015.0,0.98,11.0,12.48,5.11,5.0,1058407.28
2.0,2.0,3891.0,0.1,48.0,4.86,7.8,10.0,1093137.42
3.0,3.0,4008.0,0.7,16.0,5.6,8.6,6.0,1294501.97
3.0,1.0,1846.0,0.49,63.0,28.53,8.46,8.0,655745.63
2.0,2.0,4319.0,0.6,41.0,26.51,3.66,3.0,1148731.78
4.0,2.0,17756.0,0.13,28.0,27.3,6.9,9.0,7560364.5600000005
1.0,3.0,959.0,0.09,18.0,29.75,3.2,1.0,362642.54
4.0,1.0,1520.0,0.68,10.0,7.04,0.7,4.0,754051.47
5.0,2.0,2976.0,0.83,49.0,11.31,7.05,9.0,1101397.87
3.0,1.0,3609.0,0.79,70.0,20.41,0.2,8.0,1041860.03
1.0,2.0,3110.0,0.57,57.0,15.03,4.15,10.0,909465.54
1.0,1.0,3593.0,0.14,33.0,13.13,3.36,9.0,914262.81
5.0,3.0,1562.0,0.7,19.0,11.38,6.96,1.0,846083.15
5.0,2.0,4232.0,0.28,49.0,18.22,7.69,9.0,1290062.05
2.0,2.0,2427.0,0.92,9.0,17.69,3.11,3.0,864229.03
3.0,1.0,4053.0,0.85,31.0,5.68,8.14,10.0,1219159.32
3.0,1.0,3483.0,0.72,51.0,14.68,3.01,9.0,1065266.2
4.0,2.0,2213.0,0.95,14.0,17.05,4.52,1.0,901689.77
2.0,3.0,2240.0,0.08,2.0,17.54,7.3,1.0,731713.73
2.0,1.0,2816.0,0.75,36.0,7.09,6.96,9.0,905439.24
2.0,1.0,816.0,0.36,39.0,22.53,9.87,6.0,406661.35
2.0,1.0,977.0,0.91,71.0,1.73,2.33,4.0,501343.78
3.0,2.0,718.0,0.3,39.0,11.29,6.66,7.0,498272.27
3.0,2.0,789.0,0.74,55.0,23.63,6.14,5.0,529390.95
2.0,2.0,3414.0,0.88,22.0,17.35,9.16,10.0,1082828.09
4.0,2.0,969.0,0.09,10.0,8.57,1.65,7.0,579891.83
1.0,3.0,2401.0,0.43,63.0,21.15,7.54,8.0,759157.32
1.0,3.0,2796.0,0.77,7.0,17.45,5.73,8.0,917513.01
4.0,2.0,4347.0,0.48,55.0,24.09,2.82,1.0,1227043.3
2.0,3.0,1251.0,0.3,59.0,22.32,4.8,8.0,553379.25
3.0,1.0,2482.0,0.26,9.0,18.69,3.4,6.0,803024.83
1.0,1.0,2111.0,0.17,38.0,15.16,5.84,4.0,589380.32
5.0,1.0,1369.0,0.86,27.0,4.86,8.9,8.0,805309.09
5.0,2.0,3021.0,0.6,48.0,8.58,5.74,3.0,1060300.36
4.0,1.0,1380.0,0.12,35.0,13.15,6.35,4.0,599097.33
2.0,3.0,2316.0,0.41,12.0,18.38,5.24,6.0,807872.23
1.0,2.0,2807.0,0.4,35.0,15.9,0.61,7.0,834542.13
2.0,3.0,2998.0,0.22,25.0,9.36,2.41,4.0,898102.53
1.0,1.0,1911.0,0.46,3.0,1.19,4.97,4.0,655547.98
,,,,,,,,
4.0,1.0,3539.0,0.37,37.0,9.28,1.9,6.0,1048568.28
5.0,2.0,1849.0,0.75,21.0,22.3,5.09,8.0,893287.86
,,,,,,,,
5.0,2.0,1121.0,0.66,30.0,17.96,2.66,10.0,715095.49
2.0,2.0,1382.0,0.59,10.0,28.3,4.69,7.0,569681.69
5.0,1.0,2920.0,0.59,45.0,6.06,1.42,7.0,1037624.72
3.0,2.0,1535.0,0.68,61.0,14.68,9.28,7.0,712364.52
3.0,2.0,4073.0,0.57,68.0,3.65,8.69,7.0,1192875.3
3.0,1.0,2830.0,0.89,63.0,19.14,7.11,10.0,931298.94
3.0,2.0,2288.0,0.69,9.0,16.97,1.15,10.0,929222.39
1.0,1.0,1087.0,0.57,39.0,12.81,7.78,8.0,486534.47
3.0,1.0,2450.0,0.84,23.0,16.12,8.1,9.0,924141.58
4.0,1.0,1445.0,0.63,43.0,27.0,7.7,9.0,688327.96
4.0,1.0,2771.0,0.33,59.0,6.69,1.23,2.0,884423.05
1.0,2.0,3632.0,0.25,61.0,1.65,6.47,7.0,976987.17
3.0,1.0,4297.0,0.19,16.0,25.99,8.36,7.0,1132189.9
3.0,1.0,3437.0,0.9,64.0,17.74,5.82,4.0,989264.39
3.0,2.0,3061.0,0.72,56.0,26.83,6.5,9.0,978867.29
5.0,2.0,2603.0,0.94,54.0,18.31,4.64,8.0,1064758.74
2.0,3.0,2348.0,0.62,52.0,24.49,5.33,1.0,759334.78
5.0,2.0,3843.0,0.5,55.0,13.46,0.44,2.0,1184550.82
2.0,2.0,3959.0,0.11,8.0,22.75,6.43,2.0,1004269.3
3.0,3.0,4106.0,0.69,21.0,27.48,0.91,8.0,1251263.21
,,,,,,,,
5.0,2.0,2760.0,0.99,47.0,6.24,3.0,4.0,1091371.24
5.0,2.0,3535.0,0.28,17.0,8.8,5.5,10.0,1192476.78
2.0,2.0,2769.0,0.55,75.0,6.76,1.42,5.0,836499.25
4.0,3.0,2167.0,0.67,39.0,8.16,6.95,9.0,963948.51
2.0,2.0,1845.0,0.66,16.0,9.89,7.97,7.0,750740.33
5.0,2.0,4302.0,0.58,14.0,17.1,1.72,8.0,1381313.45
5.0,3.0,638.0,0.79,14.0,18.05,1.13,9.0,748001.41
1.0,1.0,3144.0,0.24,78.0,13.37,1.54,7.0,775188.51
5.0,3.0,1379.0,0.74,62.0,18.85,8.78,5.0,771729.62
1.0,1.0,1856.0,0.64,38.0,3.37,5.33,5.0,640818.2
4.0,3.0,3590.0,0.9,12.0,3.55,4.73,10.0,1294104.85
2.0,3.0,4201.0,0.85,31.0,5.98,1.16,6.0,1276740.99
2.0,2.0,2796.0,0.35,8.0,16.02,6.53,5.0,868838.93
1.0,1.0,4068.0,0.31,39.0,7.21,8.69,9.0,1099880.99
2.0,2.0,3669.0,0.98,19.0,9.22,8.3,3.0,1125207.39
5.0,1.0,3308.0,0.55,76.0,12.61,6.3,3.0,1056868.8
3.0,3.0,4309.0,0.91,79.0,24.54,0.85,7.0,1292393.86
1.0,3.0,2527.0,0.21,72.0,1.4,1.21,7.0,744363.77
2.0,1.0,901.0,0.66,62.0,19.83,0.59,6.0,414268.52
1.0,2.0,4031.0,0.82,75.0,20.4,2.65,3.0,1051015.29
1.0,2.0,2885.0,0.95,43.0,24.16,1.44,7.0,918606.69
3.0,2.0,1246.0,0.37,37.0,28.05,2.67,5.0,566023.3
5.0,2.0,1262.0,0.74,59.0,1.58,3.91,7.0,766862.04
1.0,3.0,2883.0,0.56,70.0,5.46,9.44,2.0,835278.27
2.0,3.0,2359.0,0.11,47.0,26.7,6.14,6.0,706350.78
4.0,3.0,2850.0,0.71,17.0,14.3,8.37,8.0,1071504.59
1.0,3.0,855.0,0.71,15.0,17.37,7.13,1.0,449748.73
1.0,3.0,1197.0,0.93,54.0,20.23,1.21,4.0,543774.07
3.0,2.0,1261.0,0.52,38.0,20.69,7.39,1.0,554604.84
5.0,2.0,834.0,0.27,67.0,28.02,2.82,1.0,516370.32
4.0,2.0,1968.0,0.09,58.0,29.91,6.43,10.0,717163.65
2.0,2.0,12724.0,0.44,61.0,21.88,3.48,8.0,5548875.12
4.0,3.0,3507.0,0.34,12.0,9.33,9.98,7.0,1175454.58
2.0,3.0,4468.0,0.77,5.0,26.51,2.71,10.0,1339705.98
5.0,3.0,4452.0,0.39,76.0,2.43,2.86,1.0,1303913.7
2.0,1.0,4137.0,0.95,59.0,7.7,9.31,2.0,1148028.87
3.0,2.0,1369.0,0.96,13.0,27.02,0.34,4.0,664446.46
3.0,2.0,3188.0,0.64,53.0,8.43,7.0,1.0,969283.74
3.0,3.0,812.0,0.93,3.0,7.4,7.28,3.0,654041.89
3.0,2.0,1062.0,0.77,38.0,5.01,8.38,8.0,664892.9
4.0,2.0,3083.0,0.57,71.0,25.91,9.75,8.0,1025991.19
5.0,3.0,882.0,0.22,24.0,15.5,9.76,8.0,678880.63
2.0,1.0,4233.0,0.49,76.0,20.57,0.75,6.0,1098903.33
2.0,1.0,4278.0,0.58,31.0,7.93,8.24,6.0,1143036.48
3.0,1.0,2086.0,0.87,58.0,22.98,6.5,5.0,774297.41
3.0,3.0,2030.0,0.51,62.0,23.04,6.51,9.0,813538.13
1.0,2.0,687.0,0.9,37.0,10.07,1.37,4.0,408649.5
5.0,3.0,1667.0,0.69,52.0,12.91,6.54,10.0,881400.72
4.0,3.0,1060.0,0.18,66.0,7.08,9.83,7.0,621965.75
,,,,,,,,
1.0,1.0,4354.0,0.55,2.0,19.72,4.45,9.0,1129918.5
1.0,1.0,3068.0,0.42,79.0,28.1,0.5,7.0,809433.5
2.0,3.0,2324.0,0.68,21.0,9.8,3.69,10.0,906575.8
4.0,1.0,1976.0,0.15,37.0,23.67,8.28,9.0,723988.11
1.0,3.0,3343.0,0.65,71.0,23.21,7.04,7.0,924980.12
1.0,3.0,1114.0,0.52,71.0,21.06,4.65,2.0,439107.78
5.0,2.0,1302.0,0.44,61.0,29.0,0.65,6.0,647118.19
4.0,2.0,2253.0,0.96,56.0,12.41,4.33,10.0,973194.5
1.0,2.0,2666.0,0.55,5.0,4.79,4.74,4.0,850842.67
4.0,3.0,622.0,0.26,77.0,20.48,9.29,3.0,453383.73
2.0,2.0,3060.0,0.49,31.0,22.15,6.45,2.0,894185.0
3.0,1.0,1653.0,0.92,9.0,17.68,3.19,6.0,735574.6
1.0,1.0,2430.0,0.22,2.0,7.0,5.3,8.0,739039.81
5.0,3.0,2755.0,0.25,58.0,15.63,0.75,6.0,1001460.28
2.0,3.0,4038.0,0.06,75.0,10.05,9.73,9.0,1097040.34
4.0,2.0,1904.0,0.06,48.0,13.4,3.66,5.0,719163.04
2.0,3.0,3799.0,0.84,58.0,19.71,4.83,2.0,1110385.99
1.0,3.0,3900.0,0.75,30.0,22.61,3.62,8.0,1154586.17
4.0,1.0,1734.0,0.39,68.0,7.73,6.86,9.0,723221.26
3.0,1.0,2783.0,0.71,61.0,12.75,6.66,10.0,916531.96
2.0,2.0,961.0,0.43,51.0,8.81,7.18,4.0,474530.95
1.0,3.0,3857.0,0.96,40.0,6.76,2.75,6.0,1183108.41
5.0,3.0,4327.0,0.97,30.0,23.72,3.23,10.0,1464093.45
4.0,1.0,4255.0,0.42,21.0,27.37,1.34,8.0,1214109.63
2.0,3.0,2776.0,0.86,3.0,11.74,6.59,9.0,1013802.23
,,,,,,,,
3.0,2.0,1884.0,0.34,44.0,27.01,6.02,6.0,667672.86
3.0,1.0,1114.0,0.27,41.0,25.54,8.71,4.0,494560.91
5.0,3.0,1048.0,0.49,48.0,6.3,8.92,5.0,687283.63
5.0,2.0,2523.0,0.79,19.0,28.73,4.55,7.0,1039926.35
1.0,1.0,3775.0,0.96,76.0,11.92,4.65,9.0,1033130.39
1.0,1.0,2106.0,0.78,53.0,10.84,0.86,10.0,691555.25
5.0,2.0,1847.0,0.86,35.0,2.81,6.74,6.0,916193.51
5.0,2.0,2455.0,0.62,0.0,15.1,8.23,6.0,988624.22
4.0,1.0,1473.0,0.84,14.0,4.16,2.52,8.0,781707.44
3.0,3.0,4162.0,0.8,76.0,8.21,4.27,4.0,1228294.13
1.0,1.0,3120.0,0.41,16.0,10.19,8.4,3.0,857821.47
3.0,2.0,3681.0,0.57,23.0,24.46,8.78,7.0,1114124.99
3.0,1.0,2028.0,0.81,57.0,26.39,2.51,5.0,702294.98
5.0,2.0,2949.0,0.09,71.0,9.77,5.55,2.0,924044.27
4.0,2.0,2878.0,0.82,22.0,25.9,2.01,2.0,1013893.94
2.0,3.0,2354.0,0.22,45.0,25.86,1.11,6.0,780266.84
4.0,2.0,1522.0,0.54,71.0,23.17,9.12,8.0,686594.5
4.0,2.0,3737.0,0.82,7.0,5.25,8.22,1.0,1195902.07
3.0,3.0,3584.0,0.29,58.0,21.02,7.62,6.0,1075530.73
4.0,2.0,2759.0,0.28,58.0,28.41,0.58,2.0,868701.27
1.0,3.0,1636.0,0.43,12.0,20.79,8.45,2.0,626025.79
,,,,,,,,
1.0,2.0,3147.0,0.05,27.0,15.52,3.49,10.0,856703.06
2.0,2.0,3579.0,0.91,60.0,19.73,5.51,1.0,1028422.77
3.0,1.0,3245.0,0.2,15.0,15.81,1.0,6.0,956406.58
2.0,3.0,2881.0,0.99,1.0,4.48,7.59,7.0,1055447.53
3.0,1.0,3249.0,0.96,16.0,10.05,5.87,8.0,1092737.77
5.0,2.0,913.0,0.52,29.0,24.27,1.95,7.0,644184.48
4.0,1.0,3213.0,0.54,12.0,25.98,1.96,6.0,1041530.76
5.0,3.0,3683.0,0.51,12.0,4.98,1.92,9.0,1322020.14
2.0,1.0,2856.0,0.65,42.0,28.62,0.66,3.0,792098.17
4.0,3.0,2597.0,0.14,20.0,10.54,5.92,6.0,921311.55
3.0,2.0,1637.0,0.08,54.0,20.21,8.42,4.0,580973.78
4.0,2.0,2256.0,0.1,39.0,22.8,0.27,2.0,758121.39
1.0,3.0,4089.0,0.47,14.0,24.55,0.59,1.0,1098124.54
4.0,2.0,4108.0,0.31,72.0,28.43,5.77,1.0,1114621.08
1.0,2.0,4048.0,0.64,51.0,10.07,8.21,10.0,1149528.71
4.0,2.0,3691.0,0.99,73.0,25.9,3.33,3.0,1134891.13
1.0,2.0,3234.0,0.42,52.0,4.82,3.56,4.0,877894.28
2.0,3.0,2378.0,0.6,51.0,21.45,6.0,2.0,765503.72
5.0,1.0,4406.0,0.44,29.0,22.52,2.81,1.0,1264743.14
3.0,1.0,1614.0,0.85,32.0,20.65,0.36,4.0,679255.04
4.0,2.0,1693.0,0.91,56.0,8.32,7.38,7.0,777697.93
5.0,1.0,4495.0,0.88,51.0,26.32,6.29,10.0,1378258.31
3.0,1.0,3882.0,0.98,8.0,5.9,5.85,6.0,1223994.4
,,,,,,,,
1.0,2.0,1297.0,0.85,0.0,21.81,6.78,9.0,627823.1
2.0,1.0,2779.0,0.76,43.0,14.79,2.14,2.0,807745.29
2.0,3.0,4294.0,0.27,74.0,25.62,3.59,4.0,1137085.64
5.0,2.0,2004.0,0.96,79.0,12.12,1.35,5.0,898490.19
2.0,3.0,1755.0,0.19,8.0,5.88,1.39,1.0,631571.02
4.0,1.0,1643.0,0.7,31.0,25.26,6.79,8.0,732567.06
2.0,2.0,2529.0,0.26,14.0,16.92,8.6,8.0,824794.4
5.0,3.0,3183.0,0.46,11.0,6.49,9.63,6.0,1152546.36
2.0,2.0,1613.0,0.73,77.0,21.89,6.32,5.0,618832.61
4.0,1.0,826.0,0.59,56.0,15.82,1.92,8.0,582718.51
1.0,3.0,3825.0,0.46,7.0,18.53,1.15,3.0,1050477.62
5.0,1.0,2428.0,0.36,71.0,14.37,8.15,3.0,838353.77
1.0,1.0,4413.0,0.85,26.0,25.03,5.83,2.0,1121296.97
1.0,2.0,2092.0,0.19,61.0,25.06,6.22,5.0,602035.8
1.0,3.0,1421.0,0.46,11.0,21.57,7.84,3.0,566963.16
,,,,,,,,
3.0,1.0,1470.0,0.85,41.0,25.33,8.36,6.0,661743.64
,,,,,,,,
,,,,,,,,
4.0,1.0,2685.0,0.83,42.0,11.53,8.52,4.0,955395.39
4.0,3.0,3589.0,0.89,16.0,26.5,2.93,7.0,1224857.15
2.0,3.0,2395.0,0.57,31.0,22.04,6.44,1.0,816373.03
5.0,3.0,787.0,0.24,39.0,4.27,3.21,1.0,602071.22
3.0,3.0,1680.0,0.29,22.0,12.83,9.58,10.0,752621.89
1.0,2.0,1540.0,0.33,55.0,26.71,0.43,7.0,501247.61
2.0,3.0,3691.0,0.61,5.0,2.37,5.84,7.0,1135476.42
4.0,2.0,2920.0,0.08,49.0,28.88,1.75,1.0,868452.85
3.0,2.0,3790.0,0.65,36.0,20.7,7.15,1.0,1059962.46
3.0,2.0,3230.0,0.4,63.0,19.31,1.84,4.0,929594.11
1.0,1.0,3163.0,0.33,53.0,8.85,2.43,5.0,828841.89
4.0,2.0,3892.0,0.89,71.0,8.21,4.99,5.0,1211971.47
5.0,2.0,1125.0,0.49,48.0,28.32,9.16,4.0,634423.04
3.0,1.0,4186.0,0.14,10.0,9.65,2.2,8.0,1137526.09
1.0,1.0,4399.0,0.84,48.0,23.49,1.53,7.0,1129085.81
5.0,1.0,4412.0,0.1,20.0,12.4,7.61,9.0,1294062.71
4.0,3.0,935.0,0.74,65.0,5.04,5.06,7.0,657360.55
3.0,1.0,3345.0,0.79,62.0,1.31,9.13,10.0,1102042.27
5.0,1.0,1678.0,0.38,27.0,16.78,1.55,1.0,696516.52
5.0,2.0,3147.0,0.83,16.0,29.3,6.49,7.0,1169623.34
5.0,1.0,3547.0,0.54,5.0,11.7,2.41,1.0,1135438.89
,,,,,,,,
3.0,1.0,3183.0,0.09,55.0,10.98,6.87,10.0,896966.98
2.0,3.0,761.0,0.33,27.0,16.1,5.98,8.0,507031.59
4.0,1.0,4341.0,0.93,65.0,13.78,7.57,9.0,1324010.52
1.0,1.0,1193.0,0.42,37.0,26.52,3.16,3.0,439375.54
5.0,1.0,2538.0,0.57,36.0,15.66,4.53,4.0,928079.37
2.0,1.0,2806.0,0.56,67.0,15.72,4.11,4.0,773160.13
1.0,3.0,3859.0,0.61,48.0,5.01,9.84,9.0,1127929.7
2.0,3.0,659.0,0.11,42.0,29.5,2.99,7.0,385300.71
3.0,2.0,3562.0,0.39,35.0,8.25,3.02,3.0,1059733.83
5.0,3.0,4488.0,0.74,57.0,3.13,3.61,10.0,1454705.51
1.0,1.0,3990.0,0.24,12.0,20.23,5.69,5.0,946903.6
1.0,2.0,2501.0,0.24,51.0,18.27,2.6,7.0,739697.11
1.0,2.0,2858.0,0.06,57.0,13.04,9.16,8.0,762411.67
,,,,,,,,
1.0,1.0,1263.0,0.89,59.0,23.77,8.97,2.0,481009.03
2.0,3.0,1732.0,0.1,57.0,6.68,1.12,7.0,684056.93
5.0,1.0,1699.0,0.23,55.0,24.79,6.6,2.0,666821.61
3.0,2.0,1141.0,0.34,27.0,19.81,9.08,7.0,576100.03
3.0,1.0,1937.0,0.75,0.0,13.15,1.77,9.0,823972.46
3.0,1.0,1597.0,0.66,41.0,14.28,9.69,2.0,624099.34
3.0,3.0,1740.0,0.45,47.0,8.44,4.58,7.0,756052.29
2.0,3.0,3574.0,0.77,39.0,22.81,9.46,4.0,1075847.27
,,,,,,,,
5.0,1.0,4375.0,0.9,75.0,10.3,3.09,7.0,1339278.47
1.0,1.0,2666.0,0.83,71.0,18.29,1.96,5.0,766482.04
4.0,3.0,1031.0,0.29,79.0,29.88,3.11,1.0,527725.34
3.0,1.0,4356.0,0.31,3.0,13.62,1.02,5.0,1205696.48
4.0,1.0,1339.0,0.17,37.0,27.7,1.52,3.0,517359.5
5.0,1.0,1973.0,0.37,26.0,11.01,1.14,7.0,852095.18
1.0,3.0,782.0,1.0,8.0,2.59,4.29,6.0,612000.62
1.0,2.0,2760.0,0.44,15.0,6.92,7.98,8.0,857247.03
5.0,2.0,1806.0,0.26,55.0,13.14,1.5,5.0,777280.17
5.0,1.0,3128.0,0.77,75.0,7.37,1.39,2.0,1032333.92
3.0,2.0,1769.0,0.57,30.0,1.01,6.47,9.0,801084.15
1.0,3.0,1430.0,0.19,13.0,27.54,2.05,8.0,543109.56
4.0,3.0,2251.0,0.41,24.0,25.47,1.07,6.0,911074.21
2.0,2.0,1736.0,0.44,33.0,22.53,1.75,10.0,688309.15
2.0,2.0,3410.0,0.77,66.0,5.87,9.24,7.0,1045648.68
5.0,1.0,1075.0,0.07,23.0,4.49,8.23,9.0,629303.94
3.0,2.0,3410.0,0.31,72.0,2.96,3.61,7.0,986522.63
2.0,1.0,1926.0,0.54,25.0,22.0,6.59,3.0,655583.69
1.0,1.0,1570.0,0.31,19.0,27.94,5.42,6.0,473318.77
5.0,3.0,4496.0,0.65,63.0,13.49,6.8,7.0,1427239.45
4.0,3.0,1619.0,0.51,9.0,4.46,6.86,2.0,779507.46
5.0,3.0,1741.0,0.39,66.0,15.86,6.32,3.0,748079.03
4.0,3.0,2436.0,0.95,23.0,11.12,2.73,4.0,1015114.99
5.0,2.0,760.0,0.65,4.0,11.87,0.49,10.0,735171.01
5.0,3.0,3048.0,0.17,66.0,19.02,4.61,6.0,1007442.93
,,,,,,,,
,,,,,,,,
4.0,2.0,1259.0,0.72,79.0,2.03,8.34,5.0,675705.19
5.0,1.0,2375.0,0.21,14.0,29.84,9.92,7.0,845147.51
2.0,2.0,1670.0,0.97,34.0,7.75,1.72,9.0,753822.05
3.0,2.0,2610.0,0.48,75.0,2.56,6.95,9.0,901008.34
3.0,3.0,998.0,0.2,52.0,6.51,6.78,1.0,536110.82
3.0,2.0,2333.0,0.22,43.0,2.13,9.8,1.0,753570.08
4.0,1.0,2182.0,0.14,25.0,12.36,9.86,3.0,730619.73
4.0,1.0,2725.0,0.81,46.0,24.27,6.9,6.0,932233.46
2.0,3.0,2771.0,0.17,33.0,10.9,2.51,2.0,867517.57
3.0,1.0,674.0,0.17,49.0,13.88,8.01,10.0,405197.23
3.0,2.0,2784.0,0.86,11.0,20.59,1.16,1.0,973889.55
,,,,,,,,
4.0,3.0,4071.0,0.08,47.0,25.98,9.11,5.0,1129630.22
3.0,2.0,1436.0,0.1,54.0,26.12,3.89,4.0,526782.35
2.0,3.0,2128.0,0.19,0.0,1.29,6.34,1.0,768543.36
2.0,2.0,1099.0,0.25,65.0,23.56,4.36,4.0,471036.28
3.0,1.0,2196.0,0.68,29.0,14.36,4.43,3.0,748717.55
4.0,3.0,737.0,0.2,2.0,29.68,3.17,2.0,474071.47
2.0,3.0,2697.0,0.16,20.0,15.01,7.65,9.0,855363.94
5.0,2.0,2394.0,0.78,48.0,29.62,9.37,1.0,924483.31
2.0,3.0,1572.0,0.69,61.0,22.88,9.41,7.0,626560.17
1.0,2.0,2242.0,0.46,37.0,8.21,1.83,4.0,735010.08
1.0,2.0,4296.0,0.57,14.0,16.61,8.76,5.0,1167396.18
4.0,2.0,2485.0,0.35,51.0,29.77,7.4,10.0,879080.72
3.0,2.0,2901.0,0.51,78.0,25.87,2.6,5.0,863132.69
2.0,2.0,2529.0,0.26,14.0,16.92,8.6,8.0,824794.4
2.0,3.0,2771.0,0.17,33.0,10.9,2.51,2.0,867517.57
4.0,2.0,642.0,0.76,73.0,2.22,3.07,3.0,539913.61
1.0,1.0,3898.0,0.23,11.0,12.1,5.81,9.0,1038832.01
3.0,1.0,3011.0,0.42,38.0,15.57,2.12,10.0,933169.47
2.0,3.0,836.0,0.3,49.0,12.79,4.87,1.0,438949.33
4.0,2.0,15564.0,0.43,12.0,29.44,3.37,10.0,7029755.040000001
,,,,,,,,
1.0,2.0,2550.0,0.52,28.0,25.09,2.25,7.0,800668.95
2.0,2.0,4125.0,0.27,11.0,18.81,5.17,9.0,1149558.97
2.0,2.0,3877.0,0.6,61.0,28.94,7.2,8.0,1053768.39
3.0,3.0,2411.0,0.58,3.0,4.13,9.77,10.0,989890.83
1.0,1.0,3068.0,0.42,79.0,28.1,0.5,7.0,809433.5
1.0,3.0,3201.0,0.3,67.0,20.12,7.3,2.0,839453.04
4.0,3.0,2197.0,0.37,12.0,9.13,2.66,8.0,948009.99
3.0,3.0,4283.0,0.91,62.0,24.36,2.5,8.0,1273796.35
5.0,2.0,2676.0,0.31,53.0,3.24,4.63,3.0,919698.44
4.0,1.0,1555.0,0.47,8.0,7.1,9.23,2.0,730969.61
3.0,1.0,3237.0,0.56,56.0,21.22,5.4,6.0,941657.21
3.0,1.0,2830.0,0.89,63.0,19.14,7.11,10.0,931298.94
4.0,1.0,4137.0,0.85,54.0,4.64,6.46,10.0,1308820.04
2.0,2.0,3028.0,0.4,61.0,27.04,1.76,10.0,931796.07
1.0,3.0,782.0,1.0,8.0,2.59,4.29,6.0,612000.62
3.0,2.0,2990.0,0.57,21.0,5.88,6.05,8.0,1036070.31
4.0,3.0,1600.0,0.89,26.0,24.88,8.21,4.0,774422.86
3.0,2.0,3061.0,0.72,56.0,26.83,6.5,9.0,978867.29
2.0,2.0,2531.0,0.93,66.0,15.51,8.66,5.0,864189.9
3.0,2.0,3790.0,0.65,36.0,20.7,7.15,1.0,1059962.46
5.0,2.0,3931.0,0.9,36.0,27.33,0.32,2.0,1300877.73
1.0,2.0,2368.0,0.73,49.0,25.34,3.49,3.0,721716.54
