Square_Feet,Num_Bedrooms,Num_Bathrooms,Year_Built,Garage_Size,Dist_To_Center_KM,School_Rating,Walkability_Score,Price
2248,4,3,1978,2,27.91,10,43,618000.0
1930,1,2,1982,3,4.31,6,96,454600.0
2323,3,4,2009,3,2.79,7,87,664800.0
2761,5,5,2004,2,10.67,3,79,679800.0
1882,3,4,1959,3,2.22,3,100,524500.0
1882,3,3,1996,2,3.78,10,92,571700.0
2789,6,6,1972,0,2.54,8,98,764900.0
2383,1,2,1970,2,0.72,5,97,556300.0
1765,6,6,1962,0,17.57,4,65,484200.0
2271,1,3,1982,2,2.94,7,96,606900.0
1768,1,1,1973,2,6.41,7,84,460300.0
1767,2,3,1960,0,0.5,9,100,560400.0
2120,4,3,1966,1,12.02,9,78,570900.0
1043,2,2,2017,3,4.01,5,98,347900.0
1137,4,3,1996,2,13.65,8,78,437700.0
1718,6,5,1974,1,5.32,10,91,617400.0
1493,4,4,2022,2,2.18,1,100,429700.0
2157,6,6,1970,2,7.2,9,86,600000.0
1545,3,2,1961,2,1.4,8,93,496500.0
1293,3,4,1986,3,5.81,6,88,467300.0
2732,4,3,1991,2,3.82,3,87,642300.0
1887,4,4,1966,2,24.3,3,40,450400.0
2033,6,5,1997,3,0.63,8,94,648800.0
1287,2,3,1977,3,11.84,5,76,436400.0
1727,6,4,1990,1,2.02,10,100,573100.0
2055,2,3,1996,1,3.84,7,88,554900.0
1424,3,2,1967,1,5.37,5,94,417400.0
2187,1,3,2020,2,23.86,8,46,578000.0
1699,4,3,1962,2,2.78,10,89,567000.0
1854,2,4,1962,2,0.96,10,100,561600.0
1699,6,4,1980,3,3.84,4,92,548900.0
2926,3,4,1951,2,1.11,2,96,629700.0
1993,2,3,1965,1,1.38,3,98,439500.0
1471,6,6,1958,2,8.53,8,76,555300.0
2411,4,4,2022,2,0.63,7,97,685800.0
1389,4,4,1987,2,0.5,2,99,477400.0
2104,5,5,2024,2,12.53,6,81,625300.0
1020,1,1,2003,3,4.49,9,82,371000.0
1335,5,3,2005,2,1.34,4,100,416400.0
2098,3,2,1994,2,2.93,9,93,629800.0
2369,2,2,1983,2,10.27,2,73,483700.0
2085,3,2,1958,2,3.22,2,87,434100.0
1942,6,5,1957,1,6.82,9,87,643700.0
1849,4,3,1956,2,1.3,7,90,528400.0
1260,5,4,1985,0,8.87,7,79,489900.0
1640,5,4,1967,3,3.8,1,91,426500.0
1769,5,4,1952,0,9.86,6,85,546000.0
2528,3,4,1977,2,16.52,7,72,649000.0
2171,4,5,2019,2,9.46,6,77,600700.0
1118,2,3,1993,3,3.51,6,91,373200.0
2162,6,6,1970,1,2.95,2,86,633500.0
1807,2,2,1977,1,3.97,6,81,478900.0
1661,3,2,2003,0,1.8,4,90,435500.0
2305,6,5,2003,1,2.0,9,100,740400.0
2515,5,3,2014,1,15.64,1,72,579100.0
2465,1,2,1970,2,4.86,8,92,632100.0
1580,3,3,1962,1,5.73,5,81,446600.0
1845,3,2,2006,0,9.02,1,78,471200.0
2165,4,5,1998,3,8.91,4,77,550700.0
2487,2,2,2003,2,0.7,1,97,521900.0
1760,3,2,1959,2,17.81,6,63,465100.0
1907,3,3,2002,2,1.95,2,91,514800.0
1446,5,4,1993,3,12.84,5,76,491700.0
1401,5,4,1996,1,14.81,7,71,484000.0
2406,6,5,2002,3,12.55,2,71,592400.0
2678,1,3,2023,2,8.65,6,84,667700.0
1963,4,5,1995,0,0.5,6,100,602600.0
2501,1,3,1962,3,4.47,5,98,557800.0
2180,6,5,1986,1,9.28,5,83,581300.0
1677,5,4,1973,0,4.9,3,92,457100.0
2180,2,3,1951,3,19.91,10,58,563300.0
2769,5,5,1963,2,3.69,10,97,787700.0
1982,4,4,1959,2,3.47,2,87,508200.0
2782,5,3,1984,1,3.09,7,98,709600.0
690,4,3,1974,2,4.05,1,90,284700.0
2410,4,4,1952,2,8.15,6,91,614700.0
2043,4,3,1966,2,12.28,6,78,497900.0
1850,6,4,1961,2,10.86,3,77,518600.0
2045,4,5,2003,0,16.49,2,65,493700.0
1006,4,4,1973,1,21.71,2,59,315700.0
1890,2,3,1978,3,16.93,9,68,529300.0
2178,1,3,1992,2,0.5,5,97,552800.0
2738,3,2,1974,3,13.31,7,73,652900.0
1740,1,1,2009,2,2.34,5,99,433100.0
1595,4,4,2014,2,1.43,7,90,552200.0
1749,2,2,1977,1,10.17,4,83,421800.0
2457,5,5,1965,2,3.85,8,94,718900.0
2164,2,4,1996,1,0.59,10,100,616100.0
1735,4,4,2007,2,1.48,10,93,583200.0
2256,2,4,1976,2,0.5,7,99,598900.0
2048,2,4,2002,3,23.35,10,54,570900.0
2484,4,4,1991,2,0.5,5,100,634000.0
1648,6,6,2008,1,2.35,6,97,565800.0
1836,2,4,1996,0,5.38,5,83,507300.0
1803,3,4,1983,1,4.41,7,92,565800.0
1268,3,2,1986,2,24.27,2,61,323900.0
2148,2,3,1955,2,0.5,5,100,540300.0
2130,6,5,1956,3,7.18,10,93,644200.0
2002,5,4,1974,0,11.41,3,82,503600.0
1882,4,3,1982,2,26.84,9,53,526600.0
1292,3,2,2004,2,9.69,6,82,441000.0
1789,5,4,2007,2,16.28,10,70,577700.0
1828,2,2,1956,2,0.87,3,99,421400.0
1598,5,4,2006,2,4.88,7,90,553400.0
1919,1,1,1961,2,4.68,4,94,491000.0
2202,3,4,1965,1,21.74,3,53,492400.0
2943,2,4,1992,2,1.64,8,100,735900.0
2087,4,4,1956,1,1.65,4,92,564000.0
2128,6,4,2000,2,3.98,1,96,556500.0
1962,2,2,2022,2,0.56,6,100,554600.0
1040,4,5,1981,2,2.01,10,95,502600.0
1986,6,6,2024,3,33.58,1,27,508300.0
2030,6,4,1957,3,5.59,5,94,550400.0
3231,2,2,2021,3,10.0,7,81,744800.0
1903,5,3,1994,2,12.95,6,78,550600.0
2150,5,3,2008,2,4.57,2,90,557800.0
1982,6,4,1953,2,1.59,4,100,535900.0
1415,5,3,2016,3,2.31,2,84,463900.0
2571,1,2,1978,2,3.76,1,94,548000.0
2375,6,4,1978,3,10.11,3,86,562200.0
2395,6,6,1977,3,5.08,3,90,627700.0
1545,4,4,1993,2,0.5,7,100,559100.0
2701,5,3,1953,1,7.41,1,83,553100.0
1299,6,6,1958,1,25.45,9,49,513700.0
2293,1,2,1954,3,16.72,6,58,520200.0
3095,4,5,2005,1,17.44,4,61,707600.0
1504,2,2,1999,3,15.85,3,64,391900.0
1716,6,4,2024,2,3.91,3,95,542700.0
2049,1,1,1964,2,14.49,2,68,387300.0
1748,3,2,1981,3,1.55,2,94,419300.0
1224,1,2,1977,2,10.72,10,76,474800.0
2034,1,2,1971,2,10.26,5,75,535100.0
1468,4,5,1966,2,0.5,9,100,549600.0
2236,2,2,2008,2,15.51,2,70,528800.0
1540,3,4,2020,2,23.36,2,57,392500.0
2774,5,4,2006,1,3.11,6,97,692100.0
1608,5,3,1975,3,16.73,10,69,579200.0
1838,1,1,1974,3,0.86,2,96,438600.0
2406,4,4,1959,2,9.16,4,79,619700.0
1384,4,4,1994,2,6.65,6,82,490500.0
2113,5,4,1960,2,7.89,5,79,538300.0
2653,3,3,2002,2,26.06,1,48,539900.0
1196,2,3,2021,3,20.5,6,55,436400.0
2092,3,2,2017,0,15.38,1,76,450700.0
2129,6,5,1977,1,3.2,3,93,566800.0
2390,6,4,2024,2,24.28,10,58,701500.0
1381,2,2,2014,2,1.03,5,100,420600.0
1339,5,4,1998,2,19.2,10,57,526300.0
2260,2,3,1996,2,3.98,5,91,568100.0
2148,4,3,2001,2,0.55,10,90,641800.0
2125,6,5,2003,2,11.07,6,78,645100.0
2173,1,2,2009,0,2.63,10,91,618800.0
1659,1,2,2006,2,2.79,8,88,494900.0
2116,5,5,1996,1,3.65,5,100,600200.0
2146,4,3,1980,1,0.66,1,100,496300.0
1642,3,4,1995,2,1.95,5,100,486400.0
2932,4,4,1975,1,0.5,3,100,621300.0
2236,1,3,1954,1,5.9,4,82,496000.0
1404,1,2,2001,1,0.88,8,96,446200.0
2328,6,6,2024,3,11.48,7,75,698600.0
1512,4,4,2003,3,2.69,5,86,511400.0
2393,4,5,1982,2,28.75,2,39,514900.0
2579,1,3,1999,3,20.5,6,56,602200.0
1589,3,4,1987,2,3.42,6,93,478600.0
2481,5,3,1976,2,15.29,10,82,668900.0
2206,5,5,1964,0,16.26,10,67,627800.0
2411,4,3,2010,2,43.1,6,14,571600.0
2948,5,4,1970,2,9.11,9,80,754400.0
1877,1,3,1995,2,0.86,8,100,547100.0
1623,1,2,2018,2,10.41,8,73,473500.0
1555,4,4,1955,2,9.81,1,89,395400.0
1592,4,5,1987,2,10.17,5,79,545200.0
1961,6,4,2011,3,3.67,7,90,607300.0
2170,4,5,2011,2,19.64,6,65,606200.0
2138,3,3,2023,2,32.06,5,31,512800.0
2413,5,4,1995,2,2.46,8,98,693300.0
2006,4,5,1962,2,0.92,3,100,558500.0
2726,2,2,1952,2,2.16,6,94,609200.0
1867,6,4,1955,0,17.18,5,75,523400.0
3360,2,3,1957,2,11.29,8,80,811300.0
2312,1,2,1993,1,10.11,4,83,529800.0
1571,5,3,1982,2,5.14,8,96,569200.0
1464,4,5,2024,2,8.62,10,90,588900.0
2241,2,3,1999,2,3.68,2,93,497500.0
1888,5,3,1960,1,6.49,9,91,579600.0
2357,1,2,1977,2,15.75,9,75,574800.0
2236,3,4,2019,1,39.76,10,14,583000.0
1963,6,4,1990,3,26.95,10,37,606200.0
1576,5,4,1965,3,27.16,6,45,463200.0
1242,5,5,2017,3,5.15,4,80,445500.0
1776,3,3,1997,2,6.33,4,85,552500.0
2428,5,5,2005,2,12.23,6,77,674900.0
2107,1,3,2013,1,25.54,5,47,500100.0
1377,1,1,2008,2,1.53,6,96,422200.0
2086,3,4,2011,2,3.63,7,87,633700.0
2192,6,5,1960,2,1.5,7,100,695200.0
1558,4,5,1967,3,9.47,9,75,567900.0
2076,2,4,1968,1,3.66,8,82,583600.0
2029,4,3,2004,3,3.95,6,91,612800.0
1428,5,5,1975,2,0.74,6,100,516300.0
2178,2,4,1955,2,4.3,5,91,559000.0
2280,3,3,1953,1,19.84,1,54,486300.0
2541,3,2,1978,0,2.65,9,95,637700.0
2526,6,4,2008,2,11.88,9,78,659700.0
1311,2,2,1966,2,9.93,9,80,431400.0
1531,1,3,1992,1,19.91,8,58,472600.0
2257,2,2,2015,2,1.42,10,99,658300.0
2256,5,5,1983,3,37.98,3,15,560000.0
2257,1,3,1957,3,8.74,1,78,462200.0
3926,3,3,1962,3,50.0,8,0,806900.0
2285,2,3,1957,2,24.25,7,58,544900.0
2567,4,4,2014,2,2.5,5,98,674700.0
2477,6,5,1992,2,0.58,10,99,771500.0
2325,4,4,1988,2,2.95,7,86,604800.0
1842,6,6,2008,0,7.5,10,88,627700.0
2379,5,5,1993,1,1.88,4,100,601100.0
1613,4,3,1958,2,1.83,9,99,561600.0
1881,2,4,1986,1,6.21,10,87,577600.0
1757,2,4,2023,2,0.5,2,100,532200.0
2040,4,4,1985,1,1.3,9,98,623500.0
3157,2,4,1977,0,5.38,9,93,717000.0
1066,5,4,1991,2,0.65,5,100,419800.0
2343,1,1,1992,2,5.05,1,88,477800.0
1193,5,3,1991,2,6.42,7,83,472000.0
1764,6,6,2015,1,6.0,10,85,628000.0
2544,5,3,2004,1,20.34,10,62,694600.0
2032,6,6,2021,2,7.55,4,83,628600.0
1461,2,2,1997,2,6.31,9,83,471500.0
1642,1,2,1971,2,5.29,6,89,498000.0
2339,2,3,1976,2,17.02,3,71,499000.0
1634,3,3,2016,3,22.54,6,55,450500.0
2108,2,3,1962,2,19.19,10,60,533100.0
2022,6,6,1994,2,11.19,6,79,645900.0
1674,2,2,1959,2,1.48,5,97,450700.0
3071,2,4,1958,2,3.24,2,83,628700.0
2316,1,2,2003,2,0.5,10,100,598500.0
987,2,4,1976,2,26.71,10,48,400400.0
2093,1,1,1983,2,10.81,2,78,495900.0
1669,4,5,1950,1,13.72,7,77,456800.0
2426,3,2,1981,1,3.73,2,98,513600.0
1603,1,3,2020,2,18.69,6,66,500400.0
1942,6,4,2016,3,3.01,5,89,622000.0
2252,4,3,1969,0,0.5,4,94,539500.0
2432,1,2,1984,3,4.72,7,96,599900.0
1399,1,1,1966,2,8.46,8,73,430000.0
1832,3,3,1967,3,6.51,4,86,486100.0
1762,6,5,1994,3,19.81,1,62,518800.0
1673,5,4,2002,2,1.11,1,89,480700.0
2882,5,5,2017,1,8.07,1,85,685500.0
2202,1,3,2014,1,7.19,1,90,490000.0
1369,2,4,1950,1,3.3,5,85,370400.0
2458,6,6,2007,2,17.27,4,73,615300.0
3061,4,3,1975,1,13.98,9,66,706600.0
2516,2,2,1969,2,13.2,3,76,521800.0
1240,2,4,1959,2,20.89,7,57,458200.0
1757,6,4,2008,3,12.83,8,74,593500.0
2633,1,1,2024,1,2.64,6,88,606500.0
1646,1,2,1990,0,12.23,10,81,525900.0
2221,1,2,1954,0,3.68,1,94,409000.0
2387,1,2,2014,3,2.77,8,100,609800.0
1536,5,4,1966,2,0.76,10,92,553500.0
1970,1,1,1971,1,13.63,3,71,426200.0
600,5,5,1990,1,12.41,8,76,420100.0
1487,5,3,2017,1,2.67,4,94,485500.0
1873,1,1,2018,1,13.84,8,75,512000.0
1376,3,2,1960,3,24.99,1,49,304900.0
2816,4,4,2005,2,1.14,3,100,673100.0
1284,2,3,2000,2,2.65,6,94,418800.0
1779,5,4,1970,3,13.87,9,57,588500.0
2065,6,6,1975,1,3.21,2,94,550800.0
2720,6,4,1968,2,9.8,1,86,576900.0
1282,4,5,2009,3,0.85,10,93,563600.0
2581,6,5,2020,2,6.02,3,83,614800.0
2005,3,4,1996,2,13.44,4,68,556200.0
1509,6,4,2020,1,11.6,5,71,520600.0
2231,2,2,1975,1,16.88,3,63,484300.0
2099,2,3,1989,1,20.99,10,62,534300.0
1699,5,4,1954,2,14.84,2,77,422200.0
2034,1,3,1970,2,11.13,2,65,451300.0
1807,3,3,1953,3,0.5,7,97,522500.0
2056,5,4,1972,2,7.66,9,86,579400.0
2331,3,2,1964,3,0.5,10,100,610200.0
2793,1,2,1957,3,16.51,2,76,529900.0
1381,6,5,1990,1,3.87,7,82,494800.0
3066,6,4,1968,2,8.27,7,70,784200.0
1023,1,1,1995,1,3.28,7,100,379300.0
1924,5,5,1977,2,15.26,3,73,494000.0
2294,1,2,2017,3,21.76,7,53,585800.0
2140,4,3,1964,1,5.09,1,90,509500.0
1688,2,4,1986,2,19.87,10,61,541200.0
1895,5,5,1950,2,3.11,1,90,489500.0
1753,3,3,2016,2,7.65,5,85,495700.0
1705,4,4,1973,2,19.57,2,62,417100.0
2424,5,5,1976,2,3.94,9,100,667800.0
2178,1,1,1989,0,30.8,7,43,515300.0
1653,1,3,2012,1,1.3,4,100,445800.0
2449,1,2,2010,0,0.5,4,92,559600.0
2153,1,1,1985,2,23.45,2,51,398300.0
2406,3,2,1973,1,0.71,5,99,567000.0
2314,4,5,1973,3,48.15,4,0,586100.0
1585,6,5,1953,2,30.24,1,45,383100.0
1719,2,4,2016,2,1.47,8,100,596600.0
2373,3,4,1983,2,7.71,3,82,563800.0
2305,3,4,2006,2,2.04,6,94,639200.0
1989,6,4,1998,3,5.59,4,95,599800.0
2058,6,4,2002,0,0.63,9,94,657700.0
2638,2,3,1972,1,2.54,7,100,630300.0
1704,2,3,2018,2,4.51,9,89,548400.0
2273,6,6,2002,0,5.77,10,92,714100.0
1898,1,3,2011,0,37.94,3,24,448400.0
1891,3,4,1990,2,16.5,1,78,411100.0
2549,5,4,2006,0,13.37,5,68,586800.0
2412,2,2,2009,2,7.7,3,81,500800.0
2406,2,2,2003,1,18.33,6,55,535900.0
2652,6,6,2019,3,4.14,8,86,789000.0
2010,4,5,2006,2,12.34,4,78,571400.0
2340,5,5,1959,2,50.0,5,8,512800.0
1844,5,5,1989,2,3.78,5,96,560300.0
2162,2,3,1956,3,11.21,4,77,479500.0
1934,1,1,1987,1,18.6,4,58,398300.0
2048,4,5,2010,3,24.75,4,54,554700.0
2297,5,4,1952,2,12.66,4,69,588900.0
1590,2,4,2000,2,3.34,4,86,457400.0
3046,5,5,1996,2,3.95,5,90,785400.0
1496,4,3,2017,1,0.5,2,88,463500.0
1392,4,5,1987,2,14.31,2,64,456000.0
2579,3,2,1985,2,0.5,9,100,663300.0
2395,6,4,1990,0,20.0,2,52,589800.0
2312,6,4,2018,2,1.26,6,91,715300.0
2314,2,3,1962,1,1.89,2,96,501500.0
1993,4,4,2007,1,6.47,5,87,553200.0
1551,3,2,1999,1,13.39,4,72,394200.0
2037,3,4,1979,0,1.5,7,86,546000.0
1661,5,3,2011,2,5.8,7,92,512200.0
2487,5,5,1974,1,6.59,6,84,634100.0
1926,3,2,1976,3,2.39,10,100,591500.0
1587,5,5,2000,2,1.23,5,94,513900.0
1839,4,4,2006,1,18.1,1,68,456200.0
2206,1,3,1996,2,6.98,3,92,519100.0
1718,4,3,1988,3,0.5,9,96,561400.0
1588,3,3,1965,2,16.24,1,71,374100.0
2121,3,4,1971,0,39.53,5,14,463900.0
2122,4,5,2003,3,9.31,2,82,540900.0
1746,5,5,1970,2,7.01,4,92,495200.0
1764,5,5,2021,1,21.07,1,60,467600.0
2116,6,6,1965,0,30.47,3,51,506400.0
1275,3,3,2008,2,14.05,10,74,460500.0
1296,2,3,1980,1,5.9,7,86,449900.0
1640,6,5,1991,3,8.97,10,96,626700.0
1893,5,4,2023,2,12.07,3,84,551600.0
2155,4,3,1981,3,2.16,4,87,531300.0
2737,5,4,2008,2,5.93,2,84,628200.0
2428,4,5,1983,1,17.71,3,59,578500.0
1920,6,6,1958,1,10.63,9,81,610700.0
1990,3,3,1960,2,5.3,3,92,499700.0
1498,5,5,1959,2,10.89,5,81,492400.0
1990,4,4,1966,2,1.26,2,89,518500.0
1855,3,4,2017,1,5.13,4,86,555500.0
2161,2,2,1997,1,15.76,7,67,554700.0
1586,4,3,2001,0,2.49,7,85,514800.0
2259,6,5,1974,2,2.06,3,91,594400.0
2766,2,3,1970,0,30.12,5,46,564100.0
1945,2,3,2014,2,2.36,1,87,444900.0
2200,1,3,2012,2,3.02,10,100,588300.0
2345,5,4,2000,3,34.94,10,35,656000.0
1799,4,3,1985,2,13.27,10,72,598900.0
2112,2,4,2015,1,12.03,1,72,479500.0
2006,1,2,1964,2,19.17,5,65,496700.0
2048,6,6,1988,2,1.23,10,93,691800.0
1613,3,4,2019,2,12.24,9,71,500600.0
2012,4,4,1950,3,7.01,1,85,503200.0
2248,2,4,1972,3,17.67,1,54,473400.0
2725,5,3,1988,1,7.1,4,78,661300.0
2479,1,1,2006,1,9.68,4,79,501000.0
3076,2,4,1983,2,6.5,2,89,657700.0
1616,5,4,1990,2,6.5,9,82,546900.0
2436,2,4,2022,0,14.61,9,69,654700.0
2091,4,3,1962,2,9.9,2,72,506500.0
3094,4,5,2019,2,10.03,9,84,814400.0
1595,4,5,1955,1,5.98,6,89,504000.0
1580,6,4,2001,2,7.57,8,86,525400.0
1700,6,6,1952,3,13.69,10,75,624400.0
938,1,3,2012,0,17.48,4,65,340000.0
1737,4,4,1998,2,11.93,2,73,437100.0
1620,5,4,1996,2,25.78,2,54,404500.0
2075,2,2,2004,3,17.17,9,66,593300.0
2170,3,2,2013,3,8.25,1,82,487800.0
2938,5,3,2014,2,11.13,7,77,701200.0
2475,6,5,2016,2,26.08,3,47,611400.0
1711,6,4,1964,2,9.65,3,79,465900.0
1550,5,3,1981,2,17.42,2,67,414700.0
2245,6,4,2017,1,11.67,10,71,674100.0
1339,4,4,1967,1,8.03,6,79,442600.0
2915,1,3,1992,1,2.77,10,97,753000.0
2589,2,2,1984,2,5.55,2,88,485000.0
1765,1,3,2007,0,34.34,10,36,505900.0
1143,2,2,1982,3,10.72,4,80,377100.0
2676,2,4,1963,1,8.31,10,80,673200.0
1942,1,2,1983,1,27.02,9,48,519700.0
2618,5,4,2010,2,8.83,9,88,698600.0
1202,2,2,1953,2,7.47,6,87,362900.0
1700,1,3,2008,0,14.24,4,74,413600.0
2002,2,3,1978,2,12.47,7,74,555600.0
2023,3,2,1955,3,2.15,1,100,410500.0
1774,5,3,1998,1,6.37,4,84,540900.0
2311,4,4,1989,2,6.4,5,88,593200.0
1466,2,3,2014,3,4.75,8,100,520300.0
1928,3,2,2018,0,7.28,2,88,474400.0
2060,4,5,1976,2,5.33,5,87,577600.0
2257,4,5,1955,2,2.22,6,93,599100.0
2355,2,4,1962,2,5.32,5,89,607200.0
1437,1,1,2013,1,0.75,9,100,460200.0
1232,2,3,2011,0,8.58,10,83,457400.0
2638,3,2,1968,2,19.22,1,58,535700.0
2166,4,4,1992,0,12.92,3,70,531200.0
1625,2,4,2023,2,4.47,2,91,487800.0
2775,1,3,1969,2,0.91,3,98,594900.0
2057,2,3,2017,2,2.26,10,97,608800.0
2589,5,4,1993,3,7.89,9,88,723400.0
2033,1,1,1972,2,2.32,9,100,532600.0
3030,3,4,1951,0,7.85,10,76,726200.0
2877,4,3,1971,3,2.63,2,98,650100.0
1875,2,2,2006,1,18.9,3,62,479700.0
2485,1,1,2021,1,5.06,4,80,544500.0
2322,5,5,1956,2,2.82,9,100,653800.0
2684,1,1,2005,2,16.73,3,68,535300.0
1517,6,4,2016,2,4.2,7,95,562500.0
2343,5,3,1965,1,1.18,3,89,570500.0
2529,3,2,2000,2,8.45,7,81,654800.0
1120,4,3,2021,1,8.71,7,77,460200.0
1408,3,2,1961,3,12.54,9,85,436500.0
980,2,4,2002,1,2.75,2,100,332700.0
1865,1,1,2024,3,5.87,6,84,463000.0
2358,6,5,1954,2,3.32,9,85,720200.0
2751,5,3,1976,3,0.84,2,99,576700.0
2037,5,3,1961,2,20.92,2,63,434600.0
2814,1,3,1966,2,13.05,5,65,593700.0
1309,6,6,1955,2,3.59,10,88,578300.0
1148,1,2,1954,1,9.15,10,76,400400.0
1972,2,3,2006,1,2.25,10,99,592700.0
2192,3,4,1977,3,22.09,8,53,577000.0
1983,5,5,2018,3,1.22,9,95,670800.0
966,2,2,2008,2,0.5,2,99,294900.0
1955,3,4,1982,1,6.97,5,81,504100.0
1347,2,3,2011,2,8.75,7,75,499600.0
2334,6,4,1999,2,8.65,6,89,649900.0
2183,5,4,1968,2,0.56,6,100,626800.0
1530,1,1,2018,2,3.77,7,93,459900.0
1743,1,3,2015,3,6.92,3,87,454100.0
1470,3,3,1996,1,2.44,3,100,437500.0
1968,4,3,1988,2,20.61,10,59,598700.0
2477,6,4,2017,2,0.91,9,96,751900.0
1507,3,4,1982,2,6.68,8,86,508000.0
2252,4,5,1962,1,11.76,5,83,601700.0
1734,2,4,2003,0,3.03,6,94,451400.0
1603,6,5,1956,3,9.79,10,77,608700.0
1946,2,2,1963,2,17.68,1,65,389900.0
1482,5,5,1968,2,2.11,10,99,588400.0
1723,6,5,2003,3,24.92,1,52,446400.0
1401,4,4,1969,2,8.06,4,86,402900.0
2982,5,4,1978,1,3.56,2,88,670200.0
2017,1,3,1973,2,5.64,7,92,497700.0
1650,4,5,2012,2,3.74,2,92,478500.0
2106,3,2,2023,2,12.91,10,70,588800.0
1943,1,1,2006,2,15.91,2,71,410800.0
1889,1,3,1957,2,17.89,5,61,473500.0
2307,3,3,2011,2,42.52,4,7,486800.0
2378,6,5,1978,3,15.67,8,63,679700.0
1734,1,2,2023,0,9.2,4,80,459200.0
1712,4,3,1966,1,4.14,6,94,483800.0
1862,5,4,2015,2,7.87,5,79,538700.0
849,1,1,1955,0,0.5,2,97,280600.0
1242,4,3,2007,1,13.66,8,66,458000.0
2683,2,3,2018,3,5.91,2,93,609900.0
2822,4,4,1977,3,0.5,9,100,760800.0
1875,5,5,2011,2,0.65,9,100,613000.0
2288,4,5,1990,1,4.9,3,95,561900.0
2155,3,3,2018,1,8.76,4,86,551600.0
3539,5,3,1990,1,6.24,8,77,769200.0
2559,6,4,1998,0,9.65,9,81,700800.0
1936,2,2,1998,3,6.54,3,84,452200.0
1522,3,2,2020,1,10.84,5,82,471900.0
1196,6,4,1952,2,2.47,8,82,496600.0
2101,4,5,1959,0,1.2,3,98,569500.0
1621,5,4,1984,3,9.07,7,80,533500.0
1288,2,4,1951,2,6.63,8,92,450100.0
1676,3,2,1973,3,0.5,10,100,541800.0
1459,6,4,2023,2,4.79,3,85,470700.0
2843,6,4,1987,2,1.12,2,93,732300.0
2440,2,2,1971,1,7.58,10,85,649000.0
1996,4,4,1975,2,5.04,7,98,552700.0
2739,2,2,1992,2,9.5,9,81,736300.0
2038,6,5,2004,2,16.38,1,60,512300.0
1569,1,1,1988,0,3.56,3,89,387800.0
2761,3,3,1978,0,32.73,5,35,598700.0
2269,2,4,1969,2,7.67,3,85,493600.0
1481,6,4,1990,2,9.63,1,77,409700.0
1904,4,4,2003,2,11.42,7,74,608000.0
1562,6,6,1969,1,10.99,7,73,538700.0
1308,4,3,1968,2,7.15,10,91,523400.0
2463,2,2,2015,1,5.6,8,84,616900.0
2954,4,3,1979,0,0.55,5,96,676600.0
1300,5,4,2002,2,0.5,10,96,597100.0
2281,5,4,1983,1,4.43,5,83,613200.0
1674,5,5,1971,1,4.06,5,87,512400.0
1756,1,2,2016,2,4.91,1,96,397000.0
1703,2,3,1955,1,1.49,10,90,522700.0
1568,6,4,1976,0,13.4,5,68,509900.0
2024,6,4,1959,0,19.45,6,54,560800.0
1584,1,1,2022,1,27.92,1,43,296500.0
2135,4,3,1997,0,6.78,7,95,584900.0
1974,1,1,2019,2,12.07,1,75,417300.0
1880,4,3,2008,1,19.35,2,61,462700.0
1546,4,3,2008,1,5.42,2,85,417500.0
1711,3,4,1951,2,3.7,5,92,514700.0
2377,6,6,1978,2,27.6,10,50,687800.0
2250,5,5,2017,3,7.25,7,86,673300.0
1511,4,5,2014,2,6.88,1,96,427800.0
2049,3,2,1975,2,1.97,10,100,580100.0
2375,6,6,1959,2,1.14,1,97,662400.0
1165,5,3,2002,2,18.46,1,62,391300.0
2271,4,5,2008,2,9.52,6,89,626400.0
1668,4,4,1971,1,3.94,2,92,488600.0
2285,1,3,2000,1,2.13,1,100,531300.0
1618,1,3,1997,1,8.11,6,93,446900.0
1097,6,4,1970,3,8.77,2,81,366400.0
1186,5,5,1971,2,2.32,6,97,488000.0
2024,4,4,1979,2,19.07,10,66,609000.0
2129,6,4,1974,2,0.88,8,100,632000.0
1547,6,4,1977,2,4.4,2,94,477300.0
2319,2,4,2014,1,11.41,9,70,603500.0
1169,1,1,1994,1,3.2,8,89,406300.0
1966,5,3,2017,3,17.58,10,62,584800.0
1394,4,3,1956,2,13.47,1,79,327500.0
1674,6,4,1998,2,15.56,7,62,523800.0
2023,4,3,1958,3,1.27,10,100,626500.0
1569,2,2,1985,1,1.51,6,100,440400.0
1807,5,4,1950,3,3.38,6,99,511300.0
2503,6,6,1959,2,7.3,6,80,689800.0
1711,4,4,1985,2,13.78,6,72,546400.0
2417,1,1,2022,2,18.11,10,65,625800.0
1435,2,2,1995,1,12.19,7,76,480900.0
2264,5,5,1981,1,26.39,3,48,575000.0
2720,2,3,1981,2,13.42,6,71,612000.0
764,1,3,1955,3,3.66,3,93,303100.0
1601,5,4,1997,2,3.08,7,99,542700.0
2288,2,2,1987,1,11.91,7,70,586900.0
1898,3,4,1966,2,2.14,8,100,568600.0
2185,1,3,2023,1,0.97,2,100,495100.0
1698,1,1,1976,0,7.6,9,79,509300.0
2043,1,3,2003,2,17.24,5,67,508900.0
1922,3,3,1999,2,1.07,9,100,576600.0
2583,3,3,1984,0,15.7,10,62,648100.0
2127,4,4,1974,0,16.69,5,66,518400.0
2168,6,5,1977,3,6.58,7,86,618000.0
1794,2,2,1964,0,0.59,9,95,510500.0
1756,4,5,1953,2,1.92,4,96,517900.0
1783,2,3,2022,2,12.29,2,72,448000.0
2197,6,4,1976,1,12.44,9,81,629200.0
1789,3,4,1975,1,22.86,2,51,460000.0
2144,6,6,1968,2,8.74,3,86,530400.0
3037,3,2,1966,2,1.33,10,89,751100.0
2435,6,4,1992,2,1.29,2,96,602600.0
1836,4,4,1990,2,12.77,3,74,463100.0
2600,5,5,1991,3,2.03,6,94,708000.0
1795,4,5,1999,2,3.98,3,90,512800.0
980,2,2,1989,2,6.68,10,83,456800.0
1495,4,5,1988,2,0.5,8,100,571500.0
1064,1,2,1972,2,2.86,6,99,415000.0
1824,2,4,2001,2,5.24,7,89,534000.0
2009,6,4,1996,2,3.28,1,87,560200.0
2838,2,2,2012,2,1.47,3,100,592100.0
2163,5,4,2018,0,13.02,3,69,547100.0
1890,3,3,1992,2,16.77,2,59,436800.0
2414,6,6,1997,1,2.98,7,83,717200.0
894,2,4,1983,1,14.89,9,70,417800.0
2117,6,4,1989,0,4.87,4,89,547300.0
2385,6,5,2024,2,7.07,5,91,679600.0
1260,6,5,2010,2,19.38,3,64,423200.0
2571,3,3,1999,1,13.86,9,73,639500.0
2169,4,5,2016,2,16.35,4,65,572800.0
1792,6,5,2011,2,1.47,5,100,541900.0
2316,1,1,2007,1,0.72,1,100,505200.0
3135,5,3,1982,2,22.39,2,60,637600.0
2090,3,4,2024,2,4.91,9,87,637300.0
2124,2,4,1965,2,3.4,2,97,499600.0
1770,3,3,1997,2,12.9,5,72,526900.0
1575,2,4,1959,2,18.1,8,58,515000.0
2415,3,2,1987,0,19.84,3,55,542300.0
1571,2,3,1968,1,3.8,6,90,457400.0
2035,6,4,1985,0,19.12,4,62,499100.0
1761,4,4,2008,3,0.5,7,100,574300.0
2239,2,4,2012,1,0.51,10,94,671200.0
2166,2,3,1995,1,9.77,3,87,525700.0
2518,1,2,1952,3,0.65,6,97,592700.0
1744,2,2,2023,3,3.92,10,82,542100.0
1865,1,1,2014,2,11.17,9,75,508500.0
1510,5,4,1957,0,4.11,10,97,528600.0
1777,6,6,2000,0,1.98,1,97,528600.0
2188,1,3,2022,2,3.3,3,95,544200.0
2378,4,3,1955,1,6.12,2,94,546800.0
1538,6,6,1988,0,6.45,8,81,576800.0
2434,1,1,2009,2,15.28,7,64,515100.0
2677,6,6,1977,3,13.87,2,60,601700.0
2206,6,5,2003,2,6.1,6,92,639200.0
2938,6,4,1986,2,18.69,3,65,661300.0
1613,5,3,1958,2,1.21,8,100,562400.0
1377,4,4,2005,1,2.95,10,88,547600.0
1110,3,2,2008,2,17.6,3,56,313400.0
2748,3,4,1951,1,4.75,10,83,727300.0
2327,1,3,2010,1,39.73,9,15,556700.0
1972,6,4,2007,2,6.28,1,95,509200.0
2139,1,3,2009,1,15.7,5,73,476100.0
1437,5,3,1989,3,5.15,3,87,444400.0
3222,5,4,1985,1,5.53,6,90,763000.0
2064,2,2,1986,2,4.83,10,86,565500.0
2054,5,4,1967,2,12.7,2,76,522300.0
2362,2,4,2012,1,7.93,9,78,668300.0
2240,4,4,1971,0,28.78,6,46,542700.0
2111,1,3,1960,2,2.89,7,89,548700.0
1604,4,3,2007,3,1.06,5,100,528100.0
2235,5,5,2006,3,5.0,9,87,699900.0
2941,4,3,1953,2,9.59,1,76,578400.0
2672,4,3,1956,2,19.72,5,68,591900.0
2796,4,4,2010,2,4.25,10,92,777300.0
1744,5,4,2003,2,10.61,6,77,488600.0
1505,6,5,2017,2,4.31,7,95,539800.0
1937,4,4,1950,2,9.6,4,74,520900.0
2027,2,4,2004,3,21.61,1,62,490500.0
2547,5,5,1952,2,2.63,8,94,720800.0
1153,4,5,1987,3,5.18,10,92,545900.0
2764,6,4,1950,2,50.0,4,0,570300.0
1920,5,5,1987,1,20.29,3,57,477700.0
1786,3,4,1978,0,8.32,7,83,517900.0
1493,6,6,1954,2,7.27,2,90,414100.0
1172,2,3,2023,2,3.35,8,96,495600.0
2411,4,5,1970,3,7.28,6,83,619200.0
2036,3,2,2020,1,18.85,7,63,521900.0
1355,3,3,2016,3,11.56,5,83,467100.0
1352,5,3,1996,3,3.43,9,92,486100.0
1832,3,4,1984,1,2.25,5,93,490100.0
2834,2,3,2017,3,3.08,5,84,676600.0
1870,2,2,2018,3,1.86,3,94,496300.0
1248,1,3,1950,2,1.01,1,89,325900.0
1877,2,2,2017,2,5.43,2,88,455700.0
1863,6,4,1961,3,1.2,8,100,631800.0
651,3,2,2009,2,1.89,1,85,286800.0
1972,2,4,1976,2,7.93,7,90,563000.0
1884,5,5,2005,3,1.8,5,94,603400.0
2348,1,1,1972,2,0.66,3,98,496900.0
2924,3,3,1974,2,3.82,7,89,749800.0
2563,1,2,1970,1,2.49,9,86,574300.0
1865,3,4,2010,2,7.24,2,81,524200.0
1446,5,5,2012,0,1.08,8,100,575800.0
3286,1,3,2001,3,13.93,9,66,764200.0
2029,4,5,1974,2,23.67,3,44,503500.0
2006,6,6,2004,1,13.6,2,73,544300.0
1987,6,5,1995,2,7.61,7,84,645400.0
2099,3,4,1981,0,19.71,5,58,517400.0
1927,4,3,2004,2,11.87,5,76,506600.0
1713,1,1,1954,3,0.5,10,100,533000.0
1726,4,4,1985,3,5.01,5,87,558500.0
1983,4,3,1998,1,19.03,4,62,447700.0
1728,1,2,2007,1,4.24,5,96,520600.0
1643,5,4,1988,3,0.5,4,94,486000.0
2053,4,3,2010,3,13.71,6,60,539000.0
1872,4,5,1958,2,16.2,4,70,468800.0
2751,5,3,1955,2,1.75,2,100,609200.0
674,4,3,1984,2,7.71,9,84,363200.0
2545,4,4,1988,3,2.13,2,96,575000.0
2623,4,3,1971,2,12.7,9,73,653800.0
963,6,5,1990,1,3.17,10,100,514100.0
1828,2,4,1954,1,3.8,6,92,512000.0
1814,5,5,1991,3,18.64,9,61,623800.0
1296,4,5,2016,0,6.47,9,91,557400.0
1611,6,4,1979,2,11.08,3,75,497100.0
1444,5,4,2006,2,5.15,1,83,425300.0
2876,3,4,2022,1,3.54,1,97,586800.0
2467,3,3,1978,0,9.82,3,77,500300.0
2635,4,4,1986,3,1.68,5,91,687800.0
2360,6,6,1962,3,4.67,3,100,644300.0
1435,6,6,1981,3,2.35,9,94,573100.0
1737,5,4,1995,3,11.9,9,78,545700.0
2244,5,5,1972,2,28.86,3,42,506200.0
1388,6,5,1994,3,50.0,3,0,392100.0
2356,5,4,1966,2,5.98,5,91,611300.0
1879,6,6,2015,2,2.91,2,95,587100.0
1812,2,2,1955,3,5.85,6,85,468800.0
2355,6,6,1967,1,18.79,7,64,640600.0
2222,3,2,1971,2,2.31,9,92,634800.0
1819,5,4,1982,2,30.39,6,33,447500.0
2579,6,5,1979,1,4.18,3,85,648400.0
1459,6,4,1981,0,42.55,5,16,398400.0
2307,5,4,1991,3,18.24,4,61,595400.0
2296,2,2,1959,3,16.53,5,74,531200.0
1845,2,2,1985,2,3.83,8,92,511700.0
2163,5,4,1983,0,0.5,8,95,619800.0
1374,1,1,2022,0,4.81,6,91,352400.0
2462,5,5,1977,3,3.59,1,86,611900.0
1907,5,5,1960,2,0.5,8,98,613500.0
1738,2,3,1988,2,7.04,8,87,558100.0
2524,2,3,1996,2,5.16,2,90,548800.0
1647,5,3,1968,2,10.07,4,86,486300.0
1295,5,3,1964,2,9.71,2,93,352600.0
1221,5,3,1977,3,1.29,4,100,359000.0
2303,2,2,1973,2,37.71,10,30,551700.0
1359,5,5,2021,2,2.07,7,100,523500.0
2877,5,5,1958,2,5.89,9,83,730000.0
959,4,4,1996,2,6.7,8,87,468400.0
2848,1,1,1982,2,16.77,9,64,672400.0
2105,3,2,2011,1,1.05,8,100,594300.0
1951,1,2,1968,2,5.6,2,90,428400.0
1727,4,3,2016,1,9.9,7,76,531300.0
2199,3,2,2023,3,2.42,2,95,512700.0
1981,5,3,1989,2,9.87,2,85,508500.0
2551,4,3,1996,3,25.73,4,42,538200.0
2057,5,3,2014,0,50.0,1,0,386200.0
2075,2,3,1978,2,0.5,5,94,517000.0
1818,6,4,1999,2,2.69,6,96,587900.0
1971,4,4,1962,2,3.72,9,98,594200.0
2153,2,2,1950,2,5.09,10,79,619300.0
1144,4,5,1983,2,2.77,8,94,510100.0
1325,4,5,1997,2,2.28,2,90,415200.0
2371,2,4,1997,1,30.91,1,43,495700.0
2085,3,4,1998,1,25.07,2,48,463900.0
1908,1,2,2013,2,0.5,7,99,546000.0
2009,5,4,2010,2,4.14,4,91,586900.0
2173,4,3,1978,1,5.19,10,95,659900.0
1730,5,5,1988,1,2.73,5,100,545600.0
1610,6,5,1975,1,9.91,7,74,581700.0
2097,2,2,1966,2,10.23,3,74,480600.0
1510,5,3,2020,2,19.0,10,63,544400.0
2204,2,3,1962,3,13.5,2,68,474500.0
1148,5,5,2018,3,7.82,7,89,482300.0
2514,1,1,1975,2,10.6,5,84,551400.0
2236,1,3,1998,0,3.2,1,90,488000.0
2128,1,3,2016,0,8.99,1,78,473200.0
2491,1,3,1956,1,6.72,9,85,632700.0
2832,1,1,2007,3,1.43,5,97,634400.0
2507,1,3,1998,2,2.78,1,96,587300.0
1079,2,2,2002,1,3.45,7,81,390300.0
1360,4,5,2014,2,25.81,9,43,517700.0
1687,5,3,2011,2,2.62,1,92,455100.0
2013,1,3,1966,2,3.41,10,89,519100.0
2258,2,3,1992,1,4.61,4,76,538100.0
1637,2,4,1974,3,10.9,3,68,414800.0
2093,2,4,1952,2,1.26,5,90,538300.0
1622,4,3,1978,1,30.78,7,37,452600.0
1694,5,3,1981,3,20.07,8,57,531600.0
1296,4,5,1975,0,8.61,2,79,383900.0
1538,3,3,1965,3,11.21,7,81,463200.0
1324,2,3,1974,3,0.5,1,100,384600.0
1512,3,2,2003,2,4.14,7,92,462300.0
2526,6,5,1977,2,15.88,8,68,642200.0
1525,1,3,2022,2,0.81,2,94,424600.0
3316,1,1,2005,3,3.32,9,89,782500.0
2246,4,5,2014,2,8.8,1,73,571000.0
2092,5,3,1990,2,2.96,6,92,589800.0
1570,3,2,2000,3,27.18,1,49,389900.0
2350,5,3,2020,3,1.4,3,100,629200.0
1712,4,3,1978,3,15.96,6,66,483100.0
2061,1,2,1968,2,7.09,3,88,467700.0
3280,5,5,2015,3,13.88,8,57,826500.0
1951,5,5,1990,2,3.72,5,90,575500.0
2574,1,3,1994,3,7.23,2,83,584500.0
1648,3,2,1964,2,19.44,4,68,404000.0
1982,1,2,1952,2,6.29,9,89,520700.0
2885,5,5,1960,2,4.46,4,93,621500.0
1686,3,3,2002,2,7.68,10,86,541100.0
2906,3,2,1995,2,12.64,10,74,682700.0
2353,1,3,1979,2,5.86,8,95,602200.0
1718,5,4,2006,2,27.95,5,32,456000.0
2316,4,3,1967,2,3.49,10,93,671600.0
2486,5,4,2000,3,6.45,1,92,615200.0
2310,2,4,1997,2,14.14,7,62,598400.0
1214,6,6,2015,0,11.68,3,80,424100.0
1636,4,3,1957,1,19.92,10,56,518700.0
1876,3,2,1971,0,50.0,8,0,481700.0
1962,4,3,1955,2,5.57,3,84,527700.0
2310,3,3,2006,1,1.18,1,100,494500.0
2088,3,3,1985,1,0.5,5,97,511100.0
1332,4,4,2006,3,12.98,2,78,366900.0
2190,3,2,1998,3,20.72,4,60,480100.0
2305,3,4,1994,2,2.49,1,91,546600.0
2279,2,4,2015,3,1.73,9,99,649500.0
2540,5,4,1994,0,0.64,6,95,643200.0
2416,5,4,1969,2,17.3,8,65,665800.0
2229,6,6,2013,2,3.73,4,91,654100.0
1964,6,6,2016,2,5.14,9,94,632200.0
1169,2,3,1952,2,6.99,2,88,354400.0
2214,6,5,2003,2,18.29,9,63,677200.0
2103,4,5,2013,2,10.52,5,75,601600.0
2135,1,1,1989,2,9.55,6,74,493900.0
1361,1,2,2008,1,1.93,3,96,377100.0
1459,1,3,2004,1,7.2,4,82,364600.0
2526,2,4,2011,1,12.57,6,65,643400.0
1980,2,4,1953,1,36.22,7,20,453600.0
2340,3,4,2009,2,2.25,1,100,531700.0
2014,1,1,2024,1,0.5,7,95,513500.0
2014,4,5,1979,3,0.78,1,100,567500.0
2469,6,5,1951,1,4.71,5,88,622200.0
1741,4,3,2011,1,17.18,6,71,523300.0
2048,6,6,1998,2,0.5,2,100,582100.0
1768,1,1,1958,0,6.1,10,83,473800.0
1782,1,2,1980,2,3.99,9,82,496600.0
1845,1,3,2010,2,0.54,10,89,567500.0
2111,2,3,1997,1,5.98,6,83,548800.0
1760,6,6,1974,0,2.94,7,100,602700.0
2627,2,4,1985,2,4.34,10,89,693600.0
1552,2,4,1957,0,12.23,8,76,461600.0
1906,5,5,2022,1,7.37,10,91,627600.0
1780,4,5,2007,1,1.33,1,97,460500.0
2723,4,3,1994,1,32.55,8,35,605900.0
2098,3,4,2011,2,10.1,4,82,572200.0
2515,2,4,1988,2,14.52,10,72,656500.0
1257,6,4,2007,2,0.83,8,97,516900.0
2133,5,3,2013,1,0.5,6,95,586300.0
2444,5,3,1993,1,0.5,9,99,676700.0
2041,4,3,1978,3,2.09,4,100,547700.0
2532,2,2,2008,2,5.35,2,98,538400.0
1741,3,2,2020,3,27.46,2,46,413200.0
2704,2,4,1958,2,6.11,5,91,660300.0
3149,1,3,1955,2,3.43,10,94,725000.0
1818,2,3,1978,2,8.25,9,83,531700.0
1777,1,3,2007,2,1.19,3,100,481200.0
2726,1,3,1966,2,9.4,8,87,683000.0
2789,3,2,1965,2,8.4,4,78,570500.0
1738,6,4,1952,1,15.7,6,61,465300.0
1789,4,5,1970,2,43.19,10,10,529500.0
1859,2,3,2013,2,2.89,6,95,529500.0
1327,1,1,1985,3,7.13,3,90,367300.0
1540,2,4,2011,2,23.95,5,47,454800.0
1497,6,6,1991,2,15.38,3,56,480900.0
1616,4,4,1991,1,6.68,1,84,458300.0
1982,6,5,2010,2,29.07,7,40,564600.0
2117,4,3,1962,2,0.59,4,93,545200.0
2775,5,4,1960,3,26.74,7,42,629900.0
1500,4,5,2003,2,0.52,3,100,481900.0
2492,3,4,1965,2,7.93,5,84,566400.0
1893,6,5,1957,2,22.11,5,57,497800.0
1975,1,2,2008,3,3.05,2,92,509400.0
2337,5,4,2006,2,6.39,10,83,652700.0
1438,3,3,1989,2,3.92,2,90,399400.0
2191,2,2,2008,3,30.4,4,41,505000.0
2083,6,5,1951,0,17.35,4,57,591300.0
2246,1,1,1959,3,12.34,4,83,483600.0
2144,4,5,1993,1,8.86,6,85,603700.0
3227,1,2,1960,2,17.18,2,62,598200.0
1681,2,2,1951,2,4.98,6,94,481600.0
1734,5,4,1999,2,5.93,7,94,571000.0
1688,5,5,1961,3,13.09,10,72,570600.0
1722,6,6,1972,0,4.43,3,90,545800.0
1681,5,5,1967,1,0.66,8,100,560300.0
2594,6,5,2011,2,0.77,2,100,615600.0
2710,6,5,2011,2,1.23,8,97,722200.0
1714,6,4,1987,2,20.38,5,53,497300.0
1583,4,5,2016,0,6.39,2,84,467700.0
2235,3,3,1987,1,12.48,7,80,600200.0
1723,6,6,2016,1,4.99,2,84,545000.0
2316,6,6,2010,1,2.99,6,92,680900.0
2101,3,2,1950,2,4.26,10,92,614400.0
1242,1,1,1994,2,15.81,3,63,319500.0
2773,6,4,1977,3,9.81,9,85,710100.0
2897,4,3,1970,3,27.75,3,47,558800.0
1693,5,5,1962,1,11.39,3,87,506600.0
1806,5,3,1976,2,8.44,5,87,453400.0
2142,2,2,1956,1,9.42,7,76,522900.0
2167,2,2,1971,1,28.54,8,45,590500.0
2329,5,3,2023,2,15.52,7,73,638800.0
3005,5,5,2002,0,0.5,9,100,793000.0
1911,4,3,1953,1,7.64,5,80,458300.0
1600,3,4,1972,3,11.66,10,72,585600.0
1310,2,3,2019,2,13.81,3,66,416200.0
1634,3,4,1982,2,2.4,6,100,525900.0
1983,4,5,1977,0,20.19,5,62,523100.0
2897,5,3,1957,1,31.2,4,33,612500.0
1741,6,5,1950,3,2.7,2,95,494500.0
2111,3,3,1986,1,21.42,7,56,515000.0
1991,5,4,2012,2,1.02,5,93,609000.0
2594,5,4,1971,0,0.57,4,99,629700.0
3263,1,3,2019,2,1.38,8,98,781700.0
1734,3,3,1970,0,0.59,9,100,538400.0
1755,6,6,1984,3,18.64,9,59,617000.0
2522,3,4,1954,3,0.61,3,90,591200.0
2340,5,5,2009,2,3.17,3,88,614300.0
2923,6,5,1995,1,1.1,5,93,737000.0
2291,4,3,1999,3,3.5,5,90,672700.0
1820,1,1,1997,2,0.95,10,92,562200.0
2295,5,4,1955,2,11.03,2,82,601800.0
2554,2,2,2005,2,1.43,1,91,545000.0
2410,2,2,2008,0,19.1,8,61,577100.0
2253,1,3,1978,1,16.99,3,76,458600.0
2533,4,5,2020,2,0.5,1,100,656500.0
2584,5,4,1967,1,22.61,1,57,520800.0
2691,3,3,1951,2,0.5,2,100,625900.0
2324,1,1,1957,2,2.74,6,100,508700.0
1916,4,5,2024,3,0.5,6,100,628100.0
2073,3,3,2003,3,4.09,3,90,487000.0
2603,2,3,1987,3,7.21,4,85,586000.0
1591,2,3,1997,1,15.93,2,67,393300.0
2184,3,3,1976,1,4.12,2,89,489900.0
1803,1,2,1969,2,12.22,7,76,468800.0
2014,2,3,1961,0,2.08,1,97,441800.0
2639,5,3,1992,0,13.89,7,66,671700.0
2095,6,6,2010,2,2.69,1,100,524200.0
2023,3,4,1980,2,1.55,6,98,553800.0
1320,3,3,2010,3,2.05,3,94,452800.0
2373,2,4,2023,1,2.01,8,97,670000.0
2322,1,3,2016,1,7.19,6,90,611200.0
3081,5,5,1984,1,18.63,2,55,683400.0
1846,1,2,1964,3,0.83,8,97,492700.0
2109,4,4,1965,2,12.27,5,69,563300.0
2124,4,5,1962,3,10.62,8,92,618400.0
2788,6,6,1984,3,20.6,8,59,798200.0
1952,2,3,2024,2,2.8,6,88,571800.0
2139,2,2,2008,2,5.98,2,100,503500.0
2303,2,4,1970,2,26.01,8,45,592700.0
2093,6,4,2003,2,10.79,6,77,613100.0
1776,4,5,2024,2,4.92,6,89,582100.0
2097,1,1,1979,2,1.41,8,92,537100.0
2536,6,4,1997,3,3.04,1,95,623700.0
1486,6,4,1984,3,8.7,2,71,473700.0
2066,1,2,1987,2,12.66,9,80,577100.0
1649,2,2,1980,2,1.33,8,91,525700.0
2597,5,3,1973,2,9.15,7,79,692900.0
1238,1,1,1998,1,7.99,7,87,419300.0
1720,4,5,1981,0,7.21,5,84,527300.0
2188,3,2,2004,2,11.72,2,75,465700.0
2782,3,4,2007,2,18.17,6,58,633400.0
1967,6,4,1952,0,3.9,10,100,614500.0
1722,3,2,2018,3,21.98,3,58,432000.0
2940,5,4,1959,0,1.75,4,91,709400.0
1275,2,4,1974,1,1.9,10,97,427500.0
900,4,3,2017,2,3.1,2,88,324000.0
2220,5,5,2010,1,1.27,2,100,578100.0
1748,4,5,1978,0,2.62,8,95,543500.0
1489,4,4,1968,2,1.13,8,92,502600.0
2354,2,3,1992,2,17.25,10,68,614600.0
2121,6,5,2015,2,1.5,6,95,621500.0
1717,3,3,2023,2,13.76,5,66,469700.0
1359,2,3,2010,2,0.5,8,100,524400.0
2436,5,4,1992,0,29.67,4,42,574900.0
2325,6,5,1974,3,12.42,4,80,627500.0
1950,5,4,1969,0,0.5,5,99,547600.0
2923,6,4,1997,3,14.43,1,71,670900.0
1464,5,5,1973,2,7.22,1,86,450400.0
1237,2,3,1960,3,15.11,2,77,347800.0
1654,6,5,2004,1,7.39,8,83,566500.0
1977,6,6,1977,2,10.25,7,81,606000.0
2121,4,3,2018,1,15.43,10,72,650200.0
1879,4,5,2012,0,5.19,9,91,602000.0
2176,1,3,2008,2,0.5,5,97,524700.0
1374,5,4,1954,1,18.97,2,62,364300.0
2721,4,5,2000,2,4.79,7,89,755000.0
1958,1,3,1970,1,6.85,8,96,519100.0
2558,4,4,1961,2,0.5,7,96,673900.0
2171,5,4,1999,2,6.77,7,81,608700.0
2228,6,5,1953,2,43.04,5,13,551200.0
2284,3,3,1991,2,3.26,2,93,547500.0
2223,5,5,1987,2,5.03,6,90,592100.0
2321,2,4,1974,3,11.62,4,74,561100.0
2664,4,3,1963,2,16.86,10,66,637800.0
2098,4,3,2024,2,5.4,2,89,514500.0
2354,6,6,1981,3,3.71,9,97,723400.0
1955,2,2,1960,2,27.78,7,44,516400.0
2720,6,6,2010,2,11.31,6,77,735800.0
1661,2,2,1967,2,1.27,5,100,433400.0
2900,3,3,1976,2,0.71,3,100,631100.0
1979,4,3,2004,2,6.61,10,81,641200.0
1284,4,4,2003,0,2.49,10,88,507800.0
2064,3,3,2024,1,2.93,4,100,570700.0
1659,1,2,1970,3,21.01,3,61,366200.0
2420,6,5,1993,1,0.94,8,97,682200.0
1673,3,2,1954,2,12.57,3,74,393000.0
1776,6,6,1990,2,3.16,7,91,567200.0
1055,5,4,2008,2,14.28,7,72,391900.0
1773,4,3,2003,0,12.82,7,69,517300.0
788,6,5,2023,1,0.5,7,100,459500.0
1208,2,2,1971,3,7.12,2,86,341400.0
2380,6,4,2014,3,1.5,10,98,731300.0
2392,5,3,2013,2,20.12,3,55,620800.0
2212,4,5,2020,2,20.52,10,61,667500.0
1516,3,2,1953,2,5.42,9,84,451200.0
1976,5,3,2014,2,5.88,3,84,501100.0
1998,4,5,1964,2,3.61,2,93,517000.0
1420,6,6,1971,0,12.61,9,87,534900.0
2751,1,1,1996,2,4.44,10,91,643600.0
2438,1,3,1995,2,3.12,9,80,643000.0
1889,2,3,1963,3,5.66,4,85,479900.0
2013,4,4,1999,0,0.96,9,100,661900.0
2104,1,3,1969,2,13.73,3,66,447200.0
979,3,4,1999,2,0.5,7,100,427400.0
1876,4,3,1982,2,10.34,7,80,579000.0
1659,3,4,2008,1,2.02,8,100,559500.0
1499,3,2,1992,2,2.64,10,91,500000.0
1859,1,2,1961,2,10.1,4,76,418800.0
2898,4,5,1989,2,49.54,3,3,557300.0
2320,6,4,1969,2,15.04,3,69,566900.0
1714,5,3,1987,2,2.56,5,94,538800.0
2286,1,2,1952,2,1.94,1,100,508300.0
